

INSERT INTO CIRCUMSTANCE VALUES ('City1',3.02,3.51,71);
INSERT INTO CIRCUMSTANCE VALUES ('City2',3.04,3.52,72);
INSERT INTO CIRCUMSTANCE VALUES ('City3',3.06,3.53,73);
INSERT INTO CIRCUMSTANCE VALUES ('City4',3.08,3.54,74);
INSERT INTO CIRCUMSTANCE VALUES ('City5',3.1,3.55,75);
INSERT INTO CIRCUMSTANCE VALUES ('City6',3.12,3.56,76);
INSERT INTO CIRCUMSTANCE VALUES ('City7',3.14,3.57,77);
INSERT INTO CIRCUMSTANCE VALUES ('City8',3.16,3.58,78);
INSERT INTO CIRCUMSTANCE VALUES ('City9',3.18,3.59,79);
INSERT INTO CIRCUMSTANCE VALUES ('City10',3.2,3.6,80);
INSERT INTO CIRCUMSTANCE VALUES ('City11',3.22,3.61,81);
INSERT INTO CIRCUMSTANCE VALUES ('City12',3.24,3.62,82);
INSERT INTO CIRCUMSTANCE VALUES ('City13',3.26,3.63,83);
INSERT INTO CIRCUMSTANCE VALUES ('City14',3.28,3.64,84);
INSERT INTO CIRCUMSTANCE VALUES ('City15',3.3,3.65,85);
INSERT INTO CIRCUMSTANCE VALUES ('City16',3.32,3.66,86);
INSERT INTO CIRCUMSTANCE VALUES ('City17',3.34,3.67,87);
INSERT INTO CIRCUMSTANCE VALUES ('City18',3.36,3.68,88);
INSERT INTO CIRCUMSTANCE VALUES ('City19',3.38,3.69,89);
INSERT INTO CIRCUMSTANCE VALUES ('City20',3.4,3.7,90);
INSERT INTO CIRCUMSTANCE VALUES ('City21',3.42,3.71,91);
INSERT INTO CIRCUMSTANCE VALUES ('City22',3.44,3.72,92);
INSERT INTO CIRCUMSTANCE VALUES ('City23',3.46,3.73,93);
INSERT INTO CIRCUMSTANCE VALUES ('City24',3.48,3.74,94);
INSERT INTO CIRCUMSTANCE VALUES ('City25',3.5,3.75,70);
INSERT INTO CIRCUMSTANCE VALUES ('City26',3.52,3.76,71);
INSERT INTO CIRCUMSTANCE VALUES ('City27',3.54,3.77,72);
INSERT INTO CIRCUMSTANCE VALUES ('City28',3.56,3.78,73);
INSERT INTO CIRCUMSTANCE VALUES ('City29',3.58,3.79,74);
INSERT INTO CIRCUMSTANCE VALUES ('City30',3.6,3.8,75);
INSERT INTO CIRCUMSTANCE VALUES ('City31',3.62,3.81,76);
INSERT INTO CIRCUMSTANCE VALUES ('City32',3.64,3.82,77);
INSERT INTO CIRCUMSTANCE VALUES ('City33',3.66,3.83,78);
INSERT INTO CIRCUMSTANCE VALUES ('City34',3.68,3.84,79);
INSERT INTO CIRCUMSTANCE VALUES ('City35',3.7,3.85,80);
INSERT INTO CIRCUMSTANCE VALUES ('City36',3.72,3.86,81);
INSERT INTO CIRCUMSTANCE VALUES ('City37',3.74,3.87,82);
INSERT INTO CIRCUMSTANCE VALUES ('City38',3.76,3.88,83);
INSERT INTO CIRCUMSTANCE VALUES ('City39',3.78,3.89,84);
INSERT INTO CIRCUMSTANCE VALUES ('City40',3.8,3.9,85);
INSERT INTO CIRCUMSTANCE VALUES ('City41',3.82,3.91,86);
INSERT INTO CIRCUMSTANCE VALUES ('City42',3.84,3.92,87);
INSERT INTO CIRCUMSTANCE VALUES ('City43',3.86,3.93,88);
INSERT INTO CIRCUMSTANCE VALUES ('City44',3.88,3.94,89);
INSERT INTO CIRCUMSTANCE VALUES ('City45',3.9,3.95,90);
INSERT INTO CIRCUMSTANCE VALUES ('City46',3.92,3.96,91);
INSERT INTO CIRCUMSTANCE VALUES ('City47',3.94,3.97,92);
INSERT INTO CIRCUMSTANCE VALUES ('City48',3.96,3.98,93);
INSERT INTO CIRCUMSTANCE VALUES ('City49',3.98,3.99,94);
INSERT INTO CIRCUMSTANCE VALUES ('City50',4.0,4.0,70);
INSERT INTO CIRCUMSTANCE VALUES ('City51',4.02,4.01,71);
INSERT INTO CIRCUMSTANCE VALUES ('City52',4.04,4.02,72);
INSERT INTO CIRCUMSTANCE VALUES ('City53',4.06,4.03,73);
INSERT INTO CIRCUMSTANCE VALUES ('City54',4.08,4.04,74);
INSERT INTO CIRCUMSTANCE VALUES ('City55',4.1,4.05,75);
INSERT INTO CIRCUMSTANCE VALUES ('City56',4.12,4.06,76);
INSERT INTO CIRCUMSTANCE VALUES ('City57',4.14,4.07,77);
INSERT INTO CIRCUMSTANCE VALUES ('City58',4.16,4.08,78);
INSERT INTO CIRCUMSTANCE VALUES ('City59',4.18,4.09,79);
INSERT INTO CIRCUMSTANCE VALUES ('City60',4.2,4.1,80);
INSERT INTO CIRCUMSTANCE VALUES ('City61',4.22,4.11,81);
INSERT INTO CIRCUMSTANCE VALUES ('City62',4.24,4.12,82);
INSERT INTO CIRCUMSTANCE VALUES ('City63',4.26,4.13,83);
INSERT INTO CIRCUMSTANCE VALUES ('City64',4.28,4.14,84);
INSERT INTO CIRCUMSTANCE VALUES ('City65',4.3,4.15,85);
INSERT INTO CIRCUMSTANCE VALUES ('City66',4.32,4.16,86);
INSERT INTO CIRCUMSTANCE VALUES ('City67',4.34,4.17,87);
INSERT INTO CIRCUMSTANCE VALUES ('City68',4.36,4.18,88);
INSERT INTO CIRCUMSTANCE VALUES ('City69',4.38,4.19,89);
INSERT INTO CIRCUMSTANCE VALUES ('City70',4.4,4.2,90);
INSERT INTO CIRCUMSTANCE VALUES ('City71',4.42,4.21,91);
INSERT INTO CIRCUMSTANCE VALUES ('City72',4.44,4.22,92);
INSERT INTO CIRCUMSTANCE VALUES ('City73',4.46,4.23,93);
INSERT INTO CIRCUMSTANCE VALUES ('City74',4.48,4.24,94);
INSERT INTO CIRCUMSTANCE VALUES ('City75',4.5,4.25,70);
INSERT INTO CIRCUMSTANCE VALUES ('City76',4.52,4.26,71);
INSERT INTO CIRCUMSTANCE VALUES ('City77',4.54,4.27,72);
INSERT INTO CIRCUMSTANCE VALUES ('City78',4.56,4.28,73);
INSERT INTO CIRCUMSTANCE VALUES ('City79',4.58,4.29,74);
INSERT INTO CIRCUMSTANCE VALUES ('City80',4.6,4.3,75);
INSERT INTO CIRCUMSTANCE VALUES ('City81',4.62,4.31,76);
INSERT INTO CIRCUMSTANCE VALUES ('City82',4.64,4.32,77);
INSERT INTO CIRCUMSTANCE VALUES ('City83',4.66,4.33,78);
INSERT INTO CIRCUMSTANCE VALUES ('City84',4.68,4.34,79);
INSERT INTO CIRCUMSTANCE VALUES ('City85',4.7,4.35,80);
INSERT INTO CIRCUMSTANCE VALUES ('City86',4.72,4.36,81);
INSERT INTO CIRCUMSTANCE VALUES ('City87',4.74,4.37,82);
INSERT INTO CIRCUMSTANCE VALUES ('City88',4.76,4.38,83);
INSERT INTO CIRCUMSTANCE VALUES ('City89',4.78,4.39,84);
INSERT INTO CIRCUMSTANCE VALUES ('City90',4.8,4.4,85);
INSERT INTO CIRCUMSTANCE VALUES ('City91',4.82,4.41,86);
INSERT INTO CIRCUMSTANCE VALUES ('City92',4.84,4.42,87);
INSERT INTO CIRCUMSTANCE VALUES ('City93',4.86,4.43,88);
INSERT INTO CIRCUMSTANCE VALUES ('City94',4.88,4.44,89);
INSERT INTO CIRCUMSTANCE VALUES ('City95',4.9,4.45,90);
INSERT INTO CIRCUMSTANCE VALUES ('City96',4.92,4.46,91);
INSERT INTO CIRCUMSTANCE VALUES ('City97',4.94,4.47,92);
INSERT INTO CIRCUMSTANCE VALUES ('City98',4.96,4.48,93);
INSERT INTO CIRCUMSTANCE VALUES ('City99',4.98,4.49,94);
INSERT INTO CIRCUMSTANCE VALUES ('City100',5.0,4.5,70);

INSERT INTO STORE VALUES ('S1','City1');
INSERT INTO STORE VALUES ('S2','City2');
INSERT INTO STORE VALUES ('S3','City3');
INSERT INTO STORE VALUES ('S4','City4');
INSERT INTO STORE VALUES ('S5','City5');
INSERT INTO STORE VALUES ('S6','City6');
INSERT INTO STORE VALUES ('S7','City7');
INSERT INTO STORE VALUES ('S8','City8');
INSERT INTO STORE VALUES ('S9','City9');
INSERT INTO STORE VALUES ('S10','City10');
INSERT INTO STORE VALUES ('S11','City11');
INSERT INTO STORE VALUES ('S12','City12');
INSERT INTO STORE VALUES ('S13','City13');
INSERT INTO STORE VALUES ('S14','City14');
INSERT INTO STORE VALUES ('S15','City15');
INSERT INTO STORE VALUES ('S16','City16');
INSERT INTO STORE VALUES ('S17','City17');
INSERT INTO STORE VALUES ('S18','City18');
INSERT INTO STORE VALUES ('S19','City19');
INSERT INTO STORE VALUES ('S20','City20');
INSERT INTO STORE VALUES ('S21','City21');
INSERT INTO STORE VALUES ('S22','City22');
INSERT INTO STORE VALUES ('S23','City23');
INSERT INTO STORE VALUES ('S24','City24');
INSERT INTO STORE VALUES ('S25','City25');
INSERT INTO STORE VALUES ('S26','City26');
INSERT INTO STORE VALUES ('S27','City27');
INSERT INTO STORE VALUES ('S28','City28');
INSERT INTO STORE VALUES ('S29','City29');
INSERT INTO STORE VALUES ('S30','City30');
INSERT INTO STORE VALUES ('S31','City31');
INSERT INTO STORE VALUES ('S32','City32');
INSERT INTO STORE VALUES ('S33','City33');
INSERT INTO STORE VALUES ('S34','City34');
INSERT INTO STORE VALUES ('S35','City35');
INSERT INTO STORE VALUES ('S36','City36');
INSERT INTO STORE VALUES ('S37','City37');
INSERT INTO STORE VALUES ('S38','City38');
INSERT INTO STORE VALUES ('S39','City39');
INSERT INTO STORE VALUES ('S40','City40');
INSERT INTO STORE VALUES ('S41','City41');
INSERT INTO STORE VALUES ('S42','City42');
INSERT INTO STORE VALUES ('S43','City43');
INSERT INTO STORE VALUES ('S44','City44');
INSERT INTO STORE VALUES ('S45','City45');
INSERT INTO STORE VALUES ('S46','City46');
INSERT INTO STORE VALUES ('S47','City47');
INSERT INTO STORE VALUES ('S48','City48');
INSERT INTO STORE VALUES ('S49','City49');
INSERT INTO STORE VALUES ('S50','City50');
INSERT INTO STORE VALUES ('S51','City51');
INSERT INTO STORE VALUES ('S52','City52');
INSERT INTO STORE VALUES ('S53','City53');
INSERT INTO STORE VALUES ('S54','City54');
INSERT INTO STORE VALUES ('S55','City55');
INSERT INTO STORE VALUES ('S56','City56');
INSERT INTO STORE VALUES ('S57','City57');
INSERT INTO STORE VALUES ('S58','City58');
INSERT INTO STORE VALUES ('S59','City59');
INSERT INTO STORE VALUES ('S60','City60');
INSERT INTO STORE VALUES ('S61','City61');
INSERT INTO STORE VALUES ('S62','City62');
INSERT INTO STORE VALUES ('S63','City63');
INSERT INTO STORE VALUES ('S64','City64');
INSERT INTO STORE VALUES ('S65','City65');
INSERT INTO STORE VALUES ('S66','City66');
INSERT INTO STORE VALUES ('S67','City67');
INSERT INTO STORE VALUES ('S68','City68');
INSERT INTO STORE VALUES ('S69','City69');
INSERT INTO STORE VALUES ('S70','City70');
INSERT INTO STORE VALUES ('S71','City71');
INSERT INTO STORE VALUES ('S72','City72');
INSERT INTO STORE VALUES ('S73','City73');
INSERT INTO STORE VALUES ('S74','City74');
INSERT INTO STORE VALUES ('S75','City75');
INSERT INTO STORE VALUES ('S76','City76');
INSERT INTO STORE VALUES ('S77','City77');
INSERT INTO STORE VALUES ('S78','City78');
INSERT INTO STORE VALUES ('S79','City79');
INSERT INTO STORE VALUES ('S80','City80');
INSERT INTO STORE VALUES ('S81','City81');
INSERT INTO STORE VALUES ('S82','City82');
INSERT INTO STORE VALUES ('S83','City83');
INSERT INTO STORE VALUES ('S84','City84');
INSERT INTO STORE VALUES ('S85','City85');
INSERT INTO STORE VALUES ('S86','City86');
INSERT INTO STORE VALUES ('S87','City87');
INSERT INTO STORE VALUES ('S88','City88');
INSERT INTO STORE VALUES ('S89','City89');
INSERT INTO STORE VALUES ('S90','City90');
INSERT INTO STORE VALUES ('S91','City91');
INSERT INTO STORE VALUES ('S92','City92');
INSERT INTO STORE VALUES ('S93','City93');
INSERT INTO STORE VALUES ('S94','City94');
INSERT INTO STORE VALUES ('S95','City95');
INSERT INTO STORE VALUES ('S96','City96');
INSERT INTO STORE VALUES ('S97','City97');
INSERT INTO STORE VALUES ('S98','City98');
INSERT INTO STORE VALUES ('S99','City99');
INSERT INTO STORE VALUES ('S100','City100');

INSERT INTO EMPLOYEE VALUES ('E1','Employee1','Cashier','S1');
INSERT INTO EMPLOYEE VALUES ('E2','Employee2','Manager','S2');
INSERT INTO EMPLOYEE VALUES ('E3','Employee3','Stocker','S3');
INSERT INTO EMPLOYEE VALUES ('E4','Employee4','Pharmacist','S4');
INSERT INTO EMPLOYEE VALUES ('E5','Employee5','Supervisor','S5');
INSERT INTO EMPLOYEE VALUES ('E6','Employee6','Cashier','S6');
INSERT INTO EMPLOYEE VALUES ('E7','Employee7','Manager','S7');
INSERT INTO EMPLOYEE VALUES ('E8','Employee8','Stocker','S8');
INSERT INTO EMPLOYEE VALUES ('E9','Employee9','Pharmacist','S9');
INSERT INTO EMPLOYEE VALUES ('E10','Employee10','Supervisor','S10');
INSERT INTO EMPLOYEE VALUES ('E11','Employee11','Cashier','S11');
INSERT INTO EMPLOYEE VALUES ('E12','Employee12','Manager','S12');
INSERT INTO EMPLOYEE VALUES ('E13','Employee13','Stocker','S13');
INSERT INTO EMPLOYEE VALUES ('E14','Employee14','Pharmacist','S14');
INSERT INTO EMPLOYEE VALUES ('E15','Employee15','Supervisor','S15');
INSERT INTO EMPLOYEE VALUES ('E16','Employee16','Cashier','S16');
INSERT INTO EMPLOYEE VALUES ('E17','Employee17','Manager','S17');
INSERT INTO EMPLOYEE VALUES ('E18','Employee18','Stocker','S18');
INSERT INTO EMPLOYEE VALUES ('E19','Employee19','Pharmacist','S19');
INSERT INTO EMPLOYEE VALUES ('E20','Employee20','Supervisor','S20');
INSERT INTO EMPLOYEE VALUES ('E21','Employee21','Cashier','S21');
INSERT INTO EMPLOYEE VALUES ('E22','Employee22','Manager','S22');
INSERT INTO EMPLOYEE VALUES ('E23','Employee23','Stocker','S23');
INSERT INTO EMPLOYEE VALUES ('E24','Employee24','Pharmacist','S24');
INSERT INTO EMPLOYEE VALUES ('E25','Employee25','Supervisor','S25');
INSERT INTO EMPLOYEE VALUES ('E26','Employee26','Cashier','S26');
INSERT INTO EMPLOYEE VALUES ('E27','Employee27','Manager','S27');
INSERT INTO EMPLOYEE VALUES ('E28','Employee28','Stocker','S28');
INSERT INTO EMPLOYEE VALUES ('E29','Employee29','Pharmacist','S29');
INSERT INTO EMPLOYEE VALUES ('E30','Employee30','Supervisor','S30');
INSERT INTO EMPLOYEE VALUES ('E31','Employee31','Cashier','S31');
INSERT INTO EMPLOYEE VALUES ('E32','Employee32','Manager','S32');
INSERT INTO EMPLOYEE VALUES ('E33','Employee33','Stocker','S33');
INSERT INTO EMPLOYEE VALUES ('E34','Employee34','Pharmacist','S34');
INSERT INTO EMPLOYEE VALUES ('E35','Employee35','Supervisor','S35');
INSERT INTO EMPLOYEE VALUES ('E36','Employee36','Cashier','S36');
INSERT INTO EMPLOYEE VALUES ('E37','Employee37','Manager','S37');
INSERT INTO EMPLOYEE VALUES ('E38','Employee38','Stocker','S38');
INSERT INTO EMPLOYEE VALUES ('E39','Employee39','Pharmacist','S39');
INSERT INTO EMPLOYEE VALUES ('E40','Employee40','Supervisor','S40');
INSERT INTO EMPLOYEE VALUES ('E41','Employee41','Cashier','S41');
INSERT INTO EMPLOYEE VALUES ('E42','Employee42','Manager','S42');
INSERT INTO EMPLOYEE VALUES ('E43','Employee43','Stocker','S43');
INSERT INTO EMPLOYEE VALUES ('E44','Employee44','Pharmacist','S44');
INSERT INTO EMPLOYEE VALUES ('E45','Employee45','Supervisor','S45');
INSERT INTO EMPLOYEE VALUES ('E46','Employee46','Cashier','S46');
INSERT INTO EMPLOYEE VALUES ('E47','Employee47','Manager','S47');
INSERT INTO EMPLOYEE VALUES ('E48','Employee48','Stocker','S48');
INSERT INTO EMPLOYEE VALUES ('E49','Employee49','Pharmacist','S49');
INSERT INTO EMPLOYEE VALUES ('E50','Employee50','Supervisor','S50');
INSERT INTO EMPLOYEE VALUES ('E51','Employee51','Cashier','S51');
INSERT INTO EMPLOYEE VALUES ('E52','Employee52','Manager','S52');
INSERT INTO EMPLOYEE VALUES ('E53','Employee53','Stocker','S53');
INSERT INTO EMPLOYEE VALUES ('E54','Employee54','Pharmacist','S54');
INSERT INTO EMPLOYEE VALUES ('E55','Employee55','Supervisor','S55');
INSERT INTO EMPLOYEE VALUES ('E56','Employee56','Cashier','S56');
INSERT INTO EMPLOYEE VALUES ('E57','Employee57','Manager','S57');
INSERT INTO EMPLOYEE VALUES ('E58','Employee58','Stocker','S58');
INSERT INTO EMPLOYEE VALUES ('E59','Employee59','Pharmacist','S59');
INSERT INTO EMPLOYEE VALUES ('E60','Employee60','Supervisor','S60');
INSERT INTO EMPLOYEE VALUES ('E61','Employee61','Cashier','S61');
INSERT INTO EMPLOYEE VALUES ('E62','Employee62','Manager','S62');
INSERT INTO EMPLOYEE VALUES ('E63','Employee63','Stocker','S63');
INSERT INTO EMPLOYEE VALUES ('E64','Employee64','Pharmacist','S64');
INSERT INTO EMPLOYEE VALUES ('E65','Employee65','Supervisor','S65');
INSERT INTO EMPLOYEE VALUES ('E66','Employee66','Cashier','S66');
INSERT INTO EMPLOYEE VALUES ('E67','Employee67','Manager','S67');
INSERT INTO EMPLOYEE VALUES ('E68','Employee68','Stocker','S68');
INSERT INTO EMPLOYEE VALUES ('E69','Employee69','Pharmacist','S69');
INSERT INTO EMPLOYEE VALUES ('E70','Employee70','Supervisor','S70');
INSERT INTO EMPLOYEE VALUES ('E71','Employee71','Cashier','S71');
INSERT INTO EMPLOYEE VALUES ('E72','Employee72','Manager','S72');
INSERT INTO EMPLOYEE VALUES ('E73','Employee73','Stocker','S73');
INSERT INTO EMPLOYEE VALUES ('E74','Employee74','Pharmacist','S74');
INSERT INTO EMPLOYEE VALUES ('E75','Employee75','Supervisor','S75');
INSERT INTO EMPLOYEE VALUES ('E76','Employee76','Cashier','S76');
INSERT INTO EMPLOYEE VALUES ('E77','Employee77','Manager','S77');
INSERT INTO EMPLOYEE VALUES ('E78','Employee78','Stocker','S78');
INSERT INTO EMPLOYEE VALUES ('E79','Employee79','Pharmacist','S79');
INSERT INTO EMPLOYEE VALUES ('E80','Employee80','Supervisor','S80');
INSERT INTO EMPLOYEE VALUES ('E81','Employee81','Cashier','S81');
INSERT INTO EMPLOYEE VALUES ('E82','Employee82','Manager','S82');
INSERT INTO EMPLOYEE VALUES ('E83','Employee83','Stocker','S83');
INSERT INTO EMPLOYEE VALUES ('E84','Employee84','Pharmacist','S84');
INSERT INTO EMPLOYEE VALUES ('E85','Employee85','Supervisor','S85');
INSERT INTO EMPLOYEE VALUES ('E86','Employee86','Cashier','S86');
INSERT INTO EMPLOYEE VALUES ('E87','Employee87','Manager','S87');
INSERT INTO EMPLOYEE VALUES ('E88','Employee88','Stocker','S88');
INSERT INTO EMPLOYEE VALUES ('E89','Employee89','Pharmacist','S89');
INSERT INTO EMPLOYEE VALUES ('E90','Employee90','Supervisor','S90');
INSERT INTO EMPLOYEE VALUES ('E91','Employee91','Cashier','S91');
INSERT INTO EMPLOYEE VALUES ('E92','Employee92','Manager','S92');
INSERT INTO EMPLOYEE VALUES ('E93','Employee93','Stocker','S93');
INSERT INTO EMPLOYEE VALUES ('E94','Employee94','Pharmacist','S94');
INSERT INTO EMPLOYEE VALUES ('E95','Employee95','Supervisor','S95');
INSERT INTO EMPLOYEE VALUES ('E96','Employee96','Cashier','S96');
INSERT INTO EMPLOYEE VALUES ('E97','Employee97','Manager','S97');
INSERT INTO EMPLOYEE VALUES ('E98','Employee98','Stocker','S98');
INSERT INTO EMPLOYEE VALUES ('E99','Employee99','Pharmacist','S99');
INSERT INTO EMPLOYEE VALUES ('E100','Employee100','Supervisor','S100');

INSERT INTO STORE_HOURS VALUES ('Monday1','S1','8AM-10PM','9AM-8PM');
INSERT INTO STORE_HOURS VALUES ('Tuesday2','S2','8AM-10PM','9AM-8PM');
INSERT INTO STORE_HOURS VALUES ('Wednesday3','S3','8AM-10PM','9AM-8PM');
INSERT INTO STORE_HOURS VALUES ('Thursday4','S4','8AM-10PM','9AM-8PM');
INSERT INTO STORE_HOURS VALUES ('Friday5','S5','8AM-10PM','9AM-8PM');
INSERT INTO STORE_HOURS VALUES ('Saturday6','S6','8AM-10PM','9AM-8PM');
INSERT INTO STORE_HOURS VALUES ('Sunday7','S7','8AM-10PM','9AM-8PM');
INSERT INTO STORE_HOURS VALUES ('Monday8','S8','8AM-10PM','9AM-8PM');
INSERT INTO STORE_HOURS VALUES ('Tuesday9','S9','8AM-10PM','9AM-8PM');
INSERT INTO STORE_HOURS VALUES ('Wednesday10','S10','8AM-10PM','9AM-8PM');
INSERT INTO STORE_HOURS VALUES ('Thursday11','S11','8AM-10PM','9AM-8PM');
INSERT INTO STORE_HOURS VALUES ('Friday12','S12','8AM-10PM','9AM-8PM');
INSERT INTO STORE_HOURS VALUES ('Saturday13','S13','8AM-10PM','9AM-8PM');
INSERT INTO STORE_HOURS VALUES ('Sunday14','S14','8AM-10PM','9AM-8PM');
INSERT INTO STORE_HOURS VALUES ('Monday15','S15','8AM-10PM','9AM-8PM');
INSERT INTO STORE_HOURS VALUES ('Tuesday16','S16','8AM-10PM','9AM-8PM');
INSERT INTO STORE_HOURS VALUES ('Wednesday17','S17','8AM-10PM','9AM-8PM');
INSERT INTO STORE_HOURS VALUES ('Thursday18','S18','8AM-10PM','9AM-8PM');
INSERT INTO STORE_HOURS VALUES ('Friday19','S19','8AM-10PM','9AM-8PM');
INSERT INTO STORE_HOURS VALUES ('Saturday20','S20','8AM-10PM','9AM-8PM');
INSERT INTO STORE_HOURS VALUES ('Sunday21','S21','8AM-10PM','9AM-8PM');
INSERT INTO STORE_HOURS VALUES ('Monday22','S22','8AM-10PM','9AM-8PM');
INSERT INTO STORE_HOURS VALUES ('Tuesday23','S23','8AM-10PM','9AM-8PM');
INSERT INTO STORE_HOURS VALUES ('Wednesday24','S24','8AM-10PM','9AM-8PM');
INSERT INTO STORE_HOURS VALUES ('Thursday25','S25','8AM-10PM','9AM-8PM');
INSERT INTO STORE_HOURS VALUES ('Friday26','S26','8AM-10PM','9AM-8PM');
INSERT INTO STORE_HOURS VALUES ('Saturday27','S27','8AM-10PM','9AM-8PM');
INSERT INTO STORE_HOURS VALUES ('Sunday28','S28','8AM-10PM','9AM-8PM');
INSERT INTO STORE_HOURS VALUES ('Monday29','S29','8AM-10PM','9AM-8PM');
INSERT INTO STORE_HOURS VALUES ('Tuesday30','S30','8AM-10PM','9AM-8PM');
INSERT INTO STORE_HOURS VALUES ('Wednesday31','S31','8AM-10PM','9AM-8PM');
INSERT INTO STORE_HOURS VALUES ('Thursday32','S32','8AM-10PM','9AM-8PM');
INSERT INTO STORE_HOURS VALUES ('Friday33','S33','8AM-10PM','9AM-8PM');
INSERT INTO STORE_HOURS VALUES ('Saturday34','S34','8AM-10PM','9AM-8PM');
INSERT INTO STORE_HOURS VALUES ('Sunday35','S35','8AM-10PM','9AM-8PM');
INSERT INTO STORE_HOURS VALUES ('Monday36','S36','8AM-10PM','9AM-8PM');
INSERT INTO STORE_HOURS VALUES ('Tuesday37','S37','8AM-10PM','9AM-8PM');
INSERT INTO STORE_HOURS VALUES ('Wednesday38','S38','8AM-10PM','9AM-8PM');
INSERT INTO STORE_HOURS VALUES ('Thursday39','S39','8AM-10PM','9AM-8PM');
INSERT INTO STORE_HOURS VALUES ('Friday40','S40','8AM-10PM','9AM-8PM');
INSERT INTO STORE_HOURS VALUES ('Saturday41','S41','8AM-10PM','9AM-8PM');
INSERT INTO STORE_HOURS VALUES ('Sunday42','S42','8AM-10PM','9AM-8PM');
INSERT INTO STORE_HOURS VALUES ('Monday43','S43','8AM-10PM','9AM-8PM');
INSERT INTO STORE_HOURS VALUES ('Tuesday44','S44','8AM-10PM','9AM-8PM');
INSERT INTO STORE_HOURS VALUES ('Wednesday45','S45','8AM-10PM','9AM-8PM');
INSERT INTO STORE_HOURS VALUES ('Thursday46','S46','8AM-10PM','9AM-8PM');
INSERT INTO STORE_HOURS VALUES ('Friday47','S47','8AM-10PM','9AM-8PM');
INSERT INTO STORE_HOURS VALUES ('Saturday48','S48','8AM-10PM','9AM-8PM');
INSERT INTO STORE_HOURS VALUES ('Sunday49','S49','8AM-10PM','9AM-8PM');
INSERT INTO STORE_HOURS VALUES ('Monday50','S50','8AM-10PM','9AM-8PM');
INSERT INTO STORE_HOURS VALUES ('Tuesday51','S51','8AM-10PM','9AM-8PM');
INSERT INTO STORE_HOURS VALUES ('Wednesday52','S52','8AM-10PM','9AM-8PM');
INSERT INTO STORE_HOURS VALUES ('Thursday53','S53','8AM-10PM','9AM-8PM');
INSERT INTO STORE_HOURS VALUES ('Friday54','S54','8AM-10PM','9AM-8PM');
INSERT INTO STORE_HOURS VALUES ('Saturday55','S55','8AM-10PM','9AM-8PM');
INSERT INTO STORE_HOURS VALUES ('Sunday56','S56','8AM-10PM','9AM-8PM');
INSERT INTO STORE_HOURS VALUES ('Monday57','S57','8AM-10PM','9AM-8PM');
INSERT INTO STORE_HOURS VALUES ('Tuesday58','S58','8AM-10PM','9AM-8PM');
INSERT INTO STORE_HOURS VALUES ('Wednesday59','S59','8AM-10PM','9AM-8PM');
INSERT INTO STORE_HOURS VALUES ('Thursday60','S60','8AM-10PM','9AM-8PM');
INSERT INTO STORE_HOURS VALUES ('Friday61','S61','8AM-10PM','9AM-8PM');
INSERT INTO STORE_HOURS VALUES ('Saturday62','S62','8AM-10PM','9AM-8PM');
INSERT INTO STORE_HOURS VALUES ('Sunday63','S63','8AM-10PM','9AM-8PM');
INSERT INTO STORE_HOURS VALUES ('Monday64','S64','8AM-10PM','9AM-8PM');
INSERT INTO STORE_HOURS VALUES ('Tuesday65','S65','8AM-10PM','9AM-8PM');
INSERT INTO STORE_HOURS VALUES ('Wednesday66','S66','8AM-10PM','9AM-8PM');
INSERT INTO STORE_HOURS VALUES ('Thursday67','S67','8AM-10PM','9AM-8PM');
INSERT INTO STORE_HOURS VALUES ('Friday68','S68','8AM-10PM','9AM-8PM');
INSERT INTO STORE_HOURS VALUES ('Saturday69','S69','8AM-10PM','9AM-8PM');
INSERT INTO STORE_HOURS VALUES ('Sunday70','S70','8AM-10PM','9AM-8PM');
INSERT INTO STORE_HOURS VALUES ('Monday71','S71','8AM-10PM','9AM-8PM');
INSERT INTO STORE_HOURS VALUES ('Tuesday72','S72','8AM-10PM','9AM-8PM');
INSERT INTO STORE_HOURS VALUES ('Wednesday73','S73','8AM-10PM','9AM-8PM');
INSERT INTO STORE_HOURS VALUES ('Thursday74','S74','8AM-10PM','9AM-8PM');
INSERT INTO STORE_HOURS VALUES ('Friday75','S75','8AM-10PM','9AM-8PM');
INSERT INTO STORE_HOURS VALUES ('Saturday76','S76','8AM-10PM','9AM-8PM');
INSERT INTO STORE_HOURS VALUES ('Sunday77','S77','8AM-10PM','9AM-8PM');
INSERT INTO STORE_HOURS VALUES ('Monday78','S78','8AM-10PM','9AM-8PM');
INSERT INTO STORE_HOURS VALUES ('Tuesday79','S79','8AM-10PM','9AM-8PM');
INSERT INTO STORE_HOURS VALUES ('Wednesday80','S80','8AM-10PM','9AM-8PM');
INSERT INTO STORE_HOURS VALUES ('Thursday81','S81','8AM-10PM','9AM-8PM');
INSERT INTO STORE_HOURS VALUES ('Friday82','S82','8AM-10PM','9AM-8PM');
INSERT INTO STORE_HOURS VALUES ('Saturday83','S83','8AM-10PM','9AM-8PM');
INSERT INTO STORE_HOURS VALUES ('Sunday84','S84','8AM-10PM','9AM-8PM');
INSERT INTO STORE_HOURS VALUES ('Monday85','S85','8AM-10PM','9AM-8PM');
INSERT INTO STORE_HOURS VALUES ('Tuesday86','S86','8AM-10PM','9AM-8PM');
INSERT INTO STORE_HOURS VALUES ('Wednesday87','S87','8AM-10PM','9AM-8PM');
INSERT INTO STORE_HOURS VALUES ('Thursday88','S88','8AM-10PM','9AM-8PM');
INSERT INTO STORE_HOURS VALUES ('Friday89','S89','8AM-10PM','9AM-8PM');
INSERT INTO STORE_HOURS VALUES ('Saturday90','S90','8AM-10PM','9AM-8PM');
INSERT INTO STORE_HOURS VALUES ('Sunday91','S91','8AM-10PM','9AM-8PM');
INSERT INTO STORE_HOURS VALUES ('Monday92','S92','8AM-10PM','9AM-8PM');
INSERT INTO STORE_HOURS VALUES ('Tuesday93','S93','8AM-10PM','9AM-8PM');
INSERT INTO STORE_HOURS VALUES ('Wednesday94','S94','8AM-10PM','9AM-8PM');
INSERT INTO STORE_HOURS VALUES ('Thursday95','S95','8AM-10PM','9AM-8PM');
INSERT INTO STORE_HOURS VALUES ('Friday96','S96','8AM-10PM','9AM-8PM');
INSERT INTO STORE_HOURS VALUES ('Saturday97','S97','8AM-10PM','9AM-8PM');
INSERT INTO STORE_HOURS VALUES ('Sunday98','S98','8AM-10PM','9AM-8PM');
INSERT INTO STORE_HOURS VALUES ('Monday99','S99','8AM-10PM','9AM-8PM');
INSERT INTO STORE_HOURS VALUES ('Tuesday100','S100','8AM-10PM','9AM-8PM');

INSERT INTO STORE_DATE VALUES ('D1',DATE '2024-01-01','Monday1',151200,'No','None',210.1);
INSERT INTO STORE_DATE VALUES ('D2',DATE '2024-01-02','Tuesday2',152400,'No','None',210.2);
INSERT INTO STORE_DATE VALUES ('D3',DATE '2024-01-03','Wednesday3',153600,'No','None',210.3);
INSERT INTO STORE_DATE VALUES ('D4',DATE '2024-01-04','Thursday4',154800,'No','None',210.4);
INSERT INTO STORE_DATE VALUES ('D5',DATE '2024-01-05','Friday5',156000,'No','None',210.5);
INSERT INTO STORE_DATE VALUES ('D6',DATE '2024-01-06','Saturday6',157200,'No','None',210.6);
INSERT INTO STORE_DATE VALUES ('D7',DATE '2024-01-07','Sunday7',158400,'No','None',210.7);
INSERT INTO STORE_DATE VALUES ('D8',DATE '2024-01-08','Monday8',159600,'No','None',210.8);
INSERT INTO STORE_DATE VALUES ('D9',DATE '2024-01-09','Tuesday9',160800,'No','None',210.9);
INSERT INTO STORE_DATE VALUES ('D10',DATE '2024-01-10','Wednesday10',162000,'Yes','Holiday Promo',211.0);
INSERT INTO STORE_DATE VALUES ('D11',DATE '2024-01-11','Thursday11',163200,'No','None',211.1);
INSERT INTO STORE_DATE VALUES ('D12',DATE '2024-01-12','Friday12',164400,'No','None',211.2);
INSERT INTO STORE_DATE VALUES ('D13',DATE '2024-01-13','Saturday13',165600,'No','None',211.3);
INSERT INTO STORE_DATE VALUES ('D14',DATE '2024-01-14','Sunday14',166800,'No','None',211.4);
INSERT INTO STORE_DATE VALUES ('D15',DATE '2024-01-15','Monday15',168000,'No','None',211.5);
INSERT INTO STORE_DATE VALUES ('D16',DATE '2024-01-16','Tuesday16',169200,'No','None',211.6);
INSERT INTO STORE_DATE VALUES ('D17',DATE '2024-01-17','Wednesday17',170400,'No','None',211.7);
INSERT INTO STORE_DATE VALUES ('D18',DATE '2024-01-18','Thursday18',171600,'No','None',211.8);
INSERT INTO STORE_DATE VALUES ('D19',DATE '2024-01-19','Friday19',172800,'No','None',211.9);
INSERT INTO STORE_DATE VALUES ('D20',DATE '2024-01-20','Saturday20',174000,'Yes','Holiday Promo',212.0);
INSERT INTO STORE_DATE VALUES ('D21',DATE '2024-01-21','Sunday21',175200,'No','None',212.1);
INSERT INTO STORE_DATE VALUES ('D22',DATE '2024-01-22','Monday22',176400,'No','None',212.2);
INSERT INTO STORE_DATE VALUES ('D23',DATE '2024-01-23','Tuesday23',177600,'No','None',212.3);
INSERT INTO STORE_DATE VALUES ('D24',DATE '2024-01-24','Wednesday24',178800,'No','None',212.4);
INSERT INTO STORE_DATE VALUES ('D25',DATE '2024-01-25','Thursday25',180000,'No','None',212.5);
INSERT INTO STORE_DATE VALUES ('D26',DATE '2024-01-26','Friday26',181200,'No','None',212.6);
INSERT INTO STORE_DATE VALUES ('D27',DATE '2024-01-27','Saturday27',182400,'No','None',212.7);
INSERT INTO STORE_DATE VALUES ('D28',DATE '2024-01-28','Sunday28',183600,'No','None',212.8);
INSERT INTO STORE_DATE VALUES ('D29',DATE '2024-01-29','Monday29',184800,'No','None',212.9);
INSERT INTO STORE_DATE VALUES ('D30',DATE '2024-01-30','Tuesday30',186000,'Yes','Holiday Promo',213.0);
INSERT INTO STORE_DATE VALUES ('D31',DATE '2024-01-31','Wednesday31',187200,'No','None',213.1);
INSERT INTO STORE_DATE VALUES ('D32',DATE '2024-02-01','Thursday32',188400,'No','None',213.2);
INSERT INTO STORE_DATE VALUES ('D33',DATE '2024-02-02','Friday33',189600,'No','None',213.3);
INSERT INTO STORE_DATE VALUES ('D34',DATE '2024-02-03','Saturday34',190800,'No','None',213.4);
INSERT INTO STORE_DATE VALUES ('D35',DATE '2024-02-04','Sunday35',192000,'No','None',213.5);
INSERT INTO STORE_DATE VALUES ('D36',DATE '2024-02-05','Monday36',193200,'No','None',213.6);
INSERT INTO STORE_DATE VALUES ('D37',DATE '2024-02-06','Tuesday37',194400,'No','None',213.7);
INSERT INTO STORE_DATE VALUES ('D38',DATE '2024-02-07','Wednesday38',195600,'No','None',213.8);
INSERT INTO STORE_DATE VALUES ('D39',DATE '2024-02-08','Thursday39',196800,'No','None',213.9);
INSERT INTO STORE_DATE VALUES ('D40',DATE '2024-02-09','Friday40',198000,'Yes','Holiday Promo',214.0);
INSERT INTO STORE_DATE VALUES ('D41',DATE '2024-02-10','Saturday41',199200,'No','None',214.1);
INSERT INTO STORE_DATE VALUES ('D42',DATE '2024-02-11','Sunday42',200400,'No','None',214.2);
INSERT INTO STORE_DATE VALUES ('D43',DATE '2024-02-12','Monday43',201600,'No','None',214.3);
INSERT INTO STORE_DATE VALUES ('D44',DATE '2024-02-13','Tuesday44',202800,'No','None',214.4);
INSERT INTO STORE_DATE VALUES ('D45',DATE '2024-02-14','Wednesday45',204000,'No','None',214.5);
INSERT INTO STORE_DATE VALUES ('D46',DATE '2024-02-15','Thursday46',205200,'No','None',214.6);
INSERT INTO STORE_DATE VALUES ('D47',DATE '2024-02-16','Friday47',206400,'No','None',214.7);
INSERT INTO STORE_DATE VALUES ('D48',DATE '2024-02-17','Saturday48',207600,'No','None',214.8);
INSERT INTO STORE_DATE VALUES ('D49',DATE '2024-02-18','Sunday49',208800,'No','None',214.9);
INSERT INTO STORE_DATE VALUES ('D50',DATE '2024-02-19','Monday50',210000,'Yes','Holiday Promo',215.0);
INSERT INTO STORE_DATE VALUES ('D51',DATE '2024-02-20','Tuesday51',211200,'No','None',215.1);
INSERT INTO STORE_DATE VALUES ('D52',DATE '2024-02-21','Wednesday52',212400,'No','None',215.2);
INSERT INTO STORE_DATE VALUES ('D53',DATE '2024-02-22','Thursday53',213600,'No','None',215.3);
INSERT INTO STORE_DATE VALUES ('D54',DATE '2024-02-23','Friday54',214800,'No','None',215.4);
INSERT INTO STORE_DATE VALUES ('D55',DATE '2024-02-24','Saturday55',216000,'No','None',215.5);
INSERT INTO STORE_DATE VALUES ('D56',DATE '2024-02-25','Sunday56',217200,'No','None',215.6);
INSERT INTO STORE_DATE VALUES ('D57',DATE '2024-02-26','Monday57',218400,'No','None',215.7);
INSERT INTO STORE_DATE VALUES ('D58',DATE '2024-02-27','Tuesday58',219600,'No','None',215.8);
INSERT INTO STORE_DATE VALUES ('D59',DATE '2024-02-28','Wednesday59',220800,'No','None',215.9);
INSERT INTO STORE_DATE VALUES ('D60',DATE '2024-02-29','Thursday60',222000,'Yes','Holiday Promo',216.0);
INSERT INTO STORE_DATE VALUES ('D61',DATE '2024-03-01','Friday61',223200,'No','None',216.1);
INSERT INTO STORE_DATE VALUES ('D62',DATE '2024-03-02','Saturday62',224400,'No','None',216.2);
INSERT INTO STORE_DATE VALUES ('D63',DATE '2024-03-03','Sunday63',225600,'No','None',216.3);
INSERT INTO STORE_DATE VALUES ('D64',DATE '2024-03-04','Monday64',226800,'No','None',216.4);
INSERT INTO STORE_DATE VALUES ('D65',DATE '2024-03-05','Tuesday65',228000,'No','None',216.5);
INSERT INTO STORE_DATE VALUES ('D66',DATE '2024-03-06','Wednesday66',229200,'No','None',216.6);
INSERT INTO STORE_DATE VALUES ('D67',DATE '2024-03-07','Thursday67',230400,'No','None',216.7);
INSERT INTO STORE_DATE VALUES ('D68',DATE '2024-03-08','Friday68',231600,'No','None',216.8);
INSERT INTO STORE_DATE VALUES ('D69',DATE '2024-03-09','Saturday69',232800,'No','None',216.9);
INSERT INTO STORE_DATE VALUES ('D70',DATE '2024-03-10','Sunday70',234000,'Yes','Holiday Promo',217.0);
INSERT INTO STORE_DATE VALUES ('D71',DATE '2024-03-11','Monday71',235200,'No','None',217.1);
INSERT INTO STORE_DATE VALUES ('D72',DATE '2024-03-12','Tuesday72',236400,'No','None',217.2);
INSERT INTO STORE_DATE VALUES ('D73',DATE '2024-03-13','Wednesday73',237600,'No','None',217.3);
INSERT INTO STORE_DATE VALUES ('D74',DATE '2024-03-14','Thursday74',238800,'No','None',217.4);
INSERT INTO STORE_DATE VALUES ('D75',DATE '2024-03-15','Friday75',240000,'No','None',217.5);
INSERT INTO STORE_DATE VALUES ('D76',DATE '2024-03-16','Saturday76',241200,'No','None',217.6);
INSERT INTO STORE_DATE VALUES ('D77',DATE '2024-03-17','Sunday77',242400,'No','None',217.7);
INSERT INTO STORE_DATE VALUES ('D78',DATE '2024-03-18','Monday78',243600,'No','None',217.8);
INSERT INTO STORE_DATE VALUES ('D79',DATE '2024-03-19','Tuesday79',244800,'No','None',217.9);
INSERT INTO STORE_DATE VALUES ('D80',DATE '2024-03-20','Wednesday80',246000,'Yes','Holiday Promo',218.0);
INSERT INTO STORE_DATE VALUES ('D81',DATE '2024-03-21','Thursday81',247200,'No','None',218.1);
INSERT INTO STORE_DATE VALUES ('D82',DATE '2024-03-22','Friday82',248400,'No','None',218.2);
INSERT INTO STORE_DATE VALUES ('D83',DATE '2024-03-23','Saturday83',249600,'No','None',218.3);
INSERT INTO STORE_DATE VALUES ('D84',DATE '2024-03-24','Sunday84',250800,'No','None',218.4);
INSERT INTO STORE_DATE VALUES ('D85',DATE '2024-03-25','Monday85',252000,'No','None',218.5);
INSERT INTO STORE_DATE VALUES ('D86',DATE '2024-03-26','Tuesday86',253200,'No','None',218.6);
INSERT INTO STORE_DATE VALUES ('D87',DATE '2024-03-27','Wednesday87',254400,'No','None',218.7);
INSERT INTO STORE_DATE VALUES ('D88',DATE '2024-03-28','Thursday88',255600,'No','None',218.8);
INSERT INTO STORE_DATE VALUES ('D89',DATE '2024-03-29','Friday89',256800,'No','None',218.9);
INSERT INTO STORE_DATE VALUES ('D90',DATE '2024-03-30','Saturday90',258000,'Yes','Holiday Promo',219.0);
INSERT INTO STORE_DATE VALUES ('D91',DATE '2024-03-31','Sunday91',259200,'No','None',219.1);
INSERT INTO STORE_DATE VALUES ('D92',DATE '2024-04-01','Monday92',260400,'No','None',219.2);
INSERT INTO STORE_DATE VALUES ('D93',DATE '2024-04-02','Tuesday93',261600,'No','None',219.3);
INSERT INTO STORE_DATE VALUES ('D94',DATE '2024-04-03','Wednesday94',262800,'No','None',219.4);
INSERT INTO STORE_DATE VALUES ('D95',DATE '2024-04-04','Thursday95',264000,'No','None',219.5);
INSERT INTO STORE_DATE VALUES ('D96',DATE '2024-04-05','Friday96',265200,'No','None',219.6);
INSERT INTO STORE_DATE VALUES ('D97',DATE '2024-04-06','Saturday97',266400,'No','None',219.7);
INSERT INTO STORE_DATE VALUES ('D98',DATE '2024-04-07','Sunday98',267600,'No','None',219.8);
INSERT INTO STORE_DATE VALUES ('D99',DATE '2024-04-08','Monday99',268800,'No','None',219.9);
INSERT INTO STORE_DATE VALUES ('D100',DATE '2024-04-09','Tuesday100',270000,'Yes','Holiday Promo',220.0);

COMMIT;