
INSERT INTO CIRCUMSTANCE VALUES ('Lakeland, FL', 83, 8.55, 16);
INSERT INTO CIRCUMSTANCE VALUES ('Cleveland, OH', 59, 7.4, 15);
INSERT INTO CIRCUMSTANCE VALUES ('Newark, NJ', 40, 8.75, 5);
INSERT INTO CIRCUMSTANCE VALUES ('Queens, NY', 38, 7.75, 12);
INSERT INTO CIRCUMSTANCE VALUES ('Austin, TX', 52, 7.57, 12);
INSERT INTO CIRCUMSTANCE VALUES ('Boston, MA', 79, 9.13, 17);
INSERT INTO CIRCUMSTANCE VALUES ('San Diego, CA', 60, 7.8, 5);
INSERT INTO CIRCUMSTANCE VALUES ('Des Moines, IA', 77, 8.62, 17);
INSERT INTO CIRCUMSTANCE VALUES ('Colombus, OH', 69, 7.57, 16);
INSERT INTO CIRCUMSTANCE VALUES ('Tampa, FL', 67, 9.12, 13);
INSERT INTO CIRCUMSTANCE VALUES ('Houston, TX', 53, 7.12, 7);
INSERT INTO CIRCUMSTANCE VALUES ('Seattle, WA', 92, 7.68, 8);
INSERT INTO CIRCUMSTANCE VALUES ('Lakeland, FL', 91, 7.37, 14);
INSERT INTO CIRCUMSTANCE VALUES ('Cleveland, OH', 42, 7.72, 13);
INSERT INTO CIRCUMSTANCE VALUES ('Newark, NJ', 98, 7.31, 14);
INSERT INTO CIRCUMSTANCE VALUES ('Queens, NY', 51, 7.92, 11);
INSERT INTO CIRCUMSTANCE VALUES ('Austin, TX', 66, 9.11, 4);
INSERT INTO CIRCUMSTANCE VALUES ('Boston, MA', 50, 8.3, 5);
INSERT INTO CIRCUMSTANCE VALUES ('San Diego, CA', 73, 7.78, 13);
INSERT INTO CIRCUMSTANCE VALUES ('Des Moines, IA', 47, 7.72, 3);
INSERT INTO CIRCUMSTANCE VALUES ('Colombus, OH', 74, 7.18, 16);
INSERT INTO CIRCUMSTANCE VALUES ('Tampa, FL', 83, 7.41, 18);
INSERT INTO CIRCUMSTANCE VALUES ('Houston, TX', 96, 8.17, 18);
INSERT INTO CIRCUMSTANCE VALUES ('Seattle, WA', 88, 7.9, 13);
INSERT INTO CIRCUMSTANCE VALUES ('Lakeland, FL', 59, 7.31, 8);
INSERT INTO CIRCUMSTANCE VALUES ('Cleveland, OH', 39, 7.07, 14);
INSERT INTO CIRCUMSTANCE VALUES ('Newark, NJ', 95, 7.94, 9);
INSERT INTO CIRCUMSTANCE VALUES ('Queens, NY', 46, 8.11, 17);
INSERT INTO CIRCUMSTANCE VALUES ('Austin, TX', 74, 7.28, 7);
INSERT INTO CIRCUMSTANCE VALUES ('Boston, MA', 41, 7.22, 13);
INSERT INTO CIRCUMSTANCE VALUES ('San Diego, CA', 71, 9.14, 8);
INSERT INTO CIRCUMSTANCE VALUES ('Des Moines, IA', 92, 7.83, 14);
INSERT INTO CIRCUMSTANCE VALUES ('Colombus, OH', 65, 8.65, 6);
INSERT INTO CIRCUMSTANCE VALUES ('Tampa, FL', 66, 8.52, 17);
INSERT INTO CIRCUMSTANCE VALUES ('Houston, TX', 42, 7.79, 11);
INSERT INTO CIRCUMSTANCE VALUES ('Seattle, WA', 55, 8.56, 17);
INSERT INTO CIRCUMSTANCE VALUES ('Lakeland, FL', 99, 8.74, 13);
INSERT INTO CIRCUMSTANCE VALUES ('Cleveland, OH', 67, 8.25, 5);
INSERT INTO CIRCUMSTANCE VALUES ('Newark, NJ', 67, 8.78, 4);
INSERT INTO CIRCUMSTANCE VALUES ('Queens, NY', 52, 7.05, 9);
INSERT INTO CIRCUMSTANCE VALUES ('Austin, TX', 67, 8.56, 3);
INSERT INTO CIRCUMSTANCE VALUES ('Boston, MA', 44, 7.23, 9);
INSERT INTO CIRCUMSTANCE VALUES ('San Diego, CA', 39, 8.02, 14);
INSERT INTO CIRCUMSTANCE VALUES ('Des Moines, IA', 64, 8.44, 17);
INSERT INTO CIRCUMSTANCE VALUES ('Colombus, OH', 46, 7.33, 5);
INSERT INTO CIRCUMSTANCE VALUES ('Tampa, FL', 101, 9.13, 3);
INSERT INTO CIRCUMSTANCE VALUES ('Houston, TX', 47, 7.11, 3);
INSERT INTO CIRCUMSTANCE VALUES ('Seattle, WA', 48, 8.04, 16);
INSERT INTO CIRCUMSTANCE VALUES ('Lakeland, FL', 81, 8.28, 18);
INSERT INTO CIRCUMSTANCE VALUES ('Cleveland, OH', 97, 7.95, 14);
INSERT INTO CIRCUMSTANCE VALUES ('Newark, NJ', 54, 7.27, 17);
INSERT INTO CIRCUMSTANCE VALUES ('Queens, NY', 66, 7.45, 17);
INSERT INTO CIRCUMSTANCE VALUES ('Austin, TX', 74, 8.79, 6);
INSERT INTO CIRCUMSTANCE VALUES ('Boston, MA', 93, 7.16, 7);
INSERT INTO CIRCUMSTANCE VALUES ('San Diego, CA', 96, 7.88, 14);
INSERT INTO CIRCUMSTANCE VALUES ('Des Moines, IA', 90, 7.97, 15);
INSERT INTO CIRCUMSTANCE VALUES ('Colombus, OH', 66, 7.37, 5);
INSERT INTO CIRCUMSTANCE VALUES ('Tampa, FL', 98, 8.37, 11);
INSERT INTO CIRCUMSTANCE VALUES ('Houston, TX', 65, 7.62, 14);
INSERT INTO CIRCUMSTANCE VALUES ('Seattle, WA', 86, 8.02, 18);
INSERT INTO CIRCUMSTANCE VALUES ('Lakeland, FL', 59, 7.92, 8);
INSERT INTO CIRCUMSTANCE VALUES ('Cleveland, OH', 64, 7.06, 14);
INSERT INTO CIRCUMSTANCE VALUES ('Newark, NJ', 78, 9.05, 9);
INSERT INTO CIRCUMSTANCE VALUES ('Queens, NY', 75, 8.02, 7);
INSERT INTO CIRCUMSTANCE VALUES ('Austin, TX', 87, 9.19, 18);
INSERT INTO CIRCUMSTANCE VALUES ('Boston, MA', 73, 8.14, 3);
INSERT INTO CIRCUMSTANCE VALUES ('San Diego, CA', 77, 7.17, 15);
INSERT INTO CIRCUMSTANCE VALUES ('Des Moines, IA', 39, 7.63, 18);
INSERT INTO CIRCUMSTANCE VALUES ('Colombus, OH', 78, 8.67, 14);
INSERT INTO CIRCUMSTANCE VALUES ('Tampa, FL', 59, 7.97, 12);
INSERT INTO CIRCUMSTANCE VALUES ('Houston, TX', 55, 9.03, 16);
INSERT INTO CIRCUMSTANCE VALUES ('Seattle, WA', 87, 9.18, 7);
INSERT INTO CIRCUMSTANCE VALUES ('Lakeland, FL', 66, 8.11, 14);
INSERT INTO CIRCUMSTANCE VALUES ('Cleveland, OH', 89, 7.22, 15);
INSERT INTO CIRCUMSTANCE VALUES ('Newark, NJ', 66, 8.95, 18);
INSERT INTO CIRCUMSTANCE VALUES ('Queens, NY', 42, 7.82, 18);
INSERT INTO CIRCUMSTANCE VALUES ('Austin, TX', 57, 9.22, 18);
INSERT INTO CIRCUMSTANCE VALUES ('Boston, MA', 36, 8.68, 3);
INSERT INTO CIRCUMSTANCE VALUES ('San Diego, CA', 38, 8.53, 4);
INSERT INTO CIRCUMSTANCE VALUES ('Des Moines, IA', 86, 7.13, 15);
INSERT INTO CIRCUMSTANCE VALUES ('Colombus, OH', 86, 8.48, 17);
INSERT INTO CIRCUMSTANCE VALUES ('Tampa, FL', 88, 7.09, 6);
INSERT INTO CIRCUMSTANCE VALUES ('Houston, TX', 56, 8.88, 8);
INSERT INTO CIRCUMSTANCE VALUES ('Seattle, WA', 45, 8.68, 15);
INSERT INTO CIRCUMSTANCE VALUES ('Lakeland, FL', 47, 8.08, 4);
INSERT INTO CIRCUMSTANCE VALUES ('Cleveland, OH', 73, 9.21, 13);
INSERT INTO CIRCUMSTANCE VALUES ('Newark, NJ', 86, 7.31, 5);
INSERT INTO CIRCUMSTANCE VALUES ('Queens, NY', 62, 8.44, 12);
INSERT INTO CIRCUMSTANCE VALUES ('Austin, TX', 69, 7.81, 16);
INSERT INTO CIRCUMSTANCE VALUES ('Boston, MA', 45, 7.33, 15);
INSERT INTO CIRCUMSTANCE VALUES ('San Diego, CA', 98, 7.13, 10);
INSERT INTO CIRCUMSTANCE VALUES ('Des Moines, IA', 86, 8.04, 15);
INSERT INTO CIRCUMSTANCE VALUES ('Colombus, OH', 91, 7.67, 8);
INSERT INTO CIRCUMSTANCE VALUES ('Tampa, FL', 65, 9.06, 5);
INSERT INTO CIRCUMSTANCE VALUES ('Houston, TX', 67, 7.71, 7);
INSERT INTO CIRCUMSTANCE VALUES ('Seattle, WA', 56, 9.09, 10);
INSERT INTO CIRCUMSTANCE VALUES ('Lakeland, FL', 37, 8.89, 15);
INSERT INTO CIRCUMSTANCE VALUES ('Cleveland, OH', 67, 7.86, 12);
INSERT INTO CIRCUMSTANCE VALUES ('Newark, NJ', 83, 7.99, 14);
INSERT INTO CIRCUMSTANCE VALUES ('Queens, NY', 96, 8.07, 18);

INSERT INTO STORE VALUES (10001, 'Lakeland, FL', 83);
INSERT INTO STORE VALUES (10002, 'Cleveland, OH', 59);
INSERT INTO STORE VALUES (10003, 'Newark, NJ', 40);
INSERT INTO STORE VALUES (10004, 'Queens, NY', 38);
INSERT INTO STORE VALUES (10005, 'Austin, TX', 52);
INSERT INTO STORE VALUES (10006, 'Boston, MA', 79);
INSERT INTO STORE VALUES (10007, 'San Diego, CA', 60);
INSERT INTO STORE VALUES (10008, 'Des Moines, IA', 77);
INSERT INTO STORE VALUES (10009, 'Colombus, OH', 69);
INSERT INTO STORE VALUES (10010, 'Tampa, FL', 67);
INSERT INTO STORE VALUES (10011, 'Houston, TX', 53);
INSERT INTO STORE VALUES (10012, 'Seattle, WA', 92);
INSERT INTO STORE VALUES (10013, 'Lakeland, FL', 91);
INSERT INTO STORE VALUES (10014, 'Cleveland, OH', 42);
INSERT INTO STORE VALUES (10015, 'Newark, NJ', 98);
INSERT INTO STORE VALUES (10016, 'Queens, NY', 51);
INSERT INTO STORE VALUES (10017, 'Austin, TX', 66);
INSERT INTO STORE VALUES (10018, 'Boston, MA', 50);
INSERT INTO STORE VALUES (10019, 'San Diego, CA', 73);
INSERT INTO STORE VALUES (10020, 'Des Moines, IA', 47);
INSERT INTO STORE VALUES (10021, 'Colombus, OH', 74);
INSERT INTO STORE VALUES (10022, 'Tampa, FL', 83);
INSERT INTO STORE VALUES (10023, 'Houston, TX', 96);
INSERT INTO STORE VALUES (10024, 'Seattle, WA', 88);
INSERT INTO STORE VALUES (10025, 'Lakeland, FL', 59);
INSERT INTO STORE VALUES (10026, 'Cleveland, OH', 39);
INSERT INTO STORE VALUES (10027, 'Newark, NJ', 95);
INSERT INTO STORE VALUES (10028, 'Queens, NY', 46);
INSERT INTO STORE VALUES (10029, 'Austin, TX', 74);
INSERT INTO STORE VALUES (10030, 'Boston, MA', 41);
INSERT INTO STORE VALUES (10031, 'San Diego, CA', 71);
INSERT INTO STORE VALUES (10032, 'Des Moines, IA', 92);
INSERT INTO STORE VALUES (10033, 'Colombus, OH', 65);
INSERT INTO STORE VALUES (10034, 'Tampa, FL', 66);
INSERT INTO STORE VALUES (10035, 'Houston, TX', 42);
INSERT INTO STORE VALUES (10036, 'Seattle, WA', 55);
INSERT INTO STORE VALUES (10037, 'Lakeland, FL', 99);
INSERT INTO STORE VALUES (10038, 'Cleveland, OH', 67);
INSERT INTO STORE VALUES (10039, 'Newark, NJ', 67);
INSERT INTO STORE VALUES (10040, 'Queens, NY', 52);
INSERT INTO STORE VALUES (10041, 'Austin, TX', 67);
INSERT INTO STORE VALUES (10042, 'Boston, MA', 44);
INSERT INTO STORE VALUES (10043, 'San Diego, CA', 39);
INSERT INTO STORE VALUES (10044, 'Des Moines, IA', 64);
INSERT INTO STORE VALUES (10045, 'Colombus, OH', 46);
INSERT INTO STORE VALUES (10046, 'Tampa, FL', 101);
INSERT INTO STORE VALUES (10047, 'Houston, TX', 47);
INSERT INTO STORE VALUES (10048, 'Seattle, WA', 48);
INSERT INTO STORE VALUES (10049, 'Lakeland, FL', 81);
INSERT INTO STORE VALUES (10050, 'Cleveland, OH', 97);
INSERT INTO STORE VALUES (10051, 'Newark, NJ', 54);
INSERT INTO STORE VALUES (10052, 'Queens, NY', 66);
INSERT INTO STORE VALUES (10053, 'Austin, TX', 74);
INSERT INTO STORE VALUES (10054, 'Boston, MA', 93);
INSERT INTO STORE VALUES (10055, 'San Diego, CA', 96);
INSERT INTO STORE VALUES (10056, 'Des Moines, IA', 90);
INSERT INTO STORE VALUES (10057, 'Colombus, OH', 66);
INSERT INTO STORE VALUES (10058, 'Tampa, FL', 98);
INSERT INTO STORE VALUES (10059, 'Houston, TX', 65);
INSERT INTO STORE VALUES (10060, 'Seattle, WA', 86);
INSERT INTO STORE VALUES (10061, 'Lakeland, FL', 59);
INSERT INTO STORE VALUES (10062, 'Cleveland, OH', 64);
INSERT INTO STORE VALUES (10063, 'Newark, NJ', 78);
INSERT INTO STORE VALUES (10064, 'Queens, NY', 75);
INSERT INTO STORE VALUES (10065, 'Austin, TX', 87);
INSERT INTO STORE VALUES (10066, 'Boston, MA', 73);
INSERT INTO STORE VALUES (10067, 'San Diego, CA', 77);
INSERT INTO STORE VALUES (10068, 'Des Moines, IA', 39);
INSERT INTO STORE VALUES (10069, 'Colombus, OH', 78);
INSERT INTO STORE VALUES (10070, 'Tampa, FL', 59);
INSERT INTO STORE VALUES (10071, 'Houston, TX', 55);
INSERT INTO STORE VALUES (10072, 'Seattle, WA', 87);
INSERT INTO STORE VALUES (10073, 'Lakeland, FL', 66);
INSERT INTO STORE VALUES (10074, 'Cleveland, OH', 89);
INSERT INTO STORE VALUES (10075, 'Newark, NJ', 66);
INSERT INTO STORE VALUES (10076, 'Queens, NY', 42);
INSERT INTO STORE VALUES (10077, 'Austin, TX', 57);
INSERT INTO STORE VALUES (10078, 'Boston, MA', 36);
INSERT INTO STORE VALUES (10079, 'San Diego, CA', 38);
INSERT INTO STORE VALUES (10080, 'Des Moines, IA', 86);
INSERT INTO STORE VALUES (10081, 'Colombus, OH', 86);
INSERT INTO STORE VALUES (10082, 'Tampa, FL', 88);
INSERT INTO STORE VALUES (10083, 'Houston, TX', 56);
INSERT INTO STORE VALUES (10084, 'Seattle, WA', 45);
INSERT INTO STORE VALUES (10085, 'Lakeland, FL', 47);
INSERT INTO STORE VALUES (10086, 'Cleveland, OH', 73);
INSERT INTO STORE VALUES (10087, 'Newark, NJ', 86);
INSERT INTO STORE VALUES (10088, 'Queens, NY', 62);
INSERT INTO STORE VALUES (10089, 'Austin, TX', 69);
INSERT INTO STORE VALUES (10090, 'Boston, MA', 45);
INSERT INTO STORE VALUES (10091, 'San Diego, CA', 98);
INSERT INTO STORE VALUES (10092, 'Des Moines, IA', 86);
INSERT INTO STORE VALUES (10093, 'Colombus, OH', 91);
INSERT INTO STORE VALUES (10094, 'Tampa, FL', 65);
INSERT INTO STORE VALUES (10095, 'Houston, TX', 67);
INSERT INTO STORE VALUES (10096, 'Seattle, WA', 56);
INSERT INTO STORE VALUES (10097, 'Lakeland, FL', 37);
INSERT INTO STORE VALUES (10098, 'Cleveland, OH', 67);
INSERT INTO STORE VALUES (10099, 'Newark, NJ', 83);
INSERT INTO STORE VALUES (10100, 'Queens, NY', 96);

INSERT INTO EMPLOYEE VALUES ('E0001', 'Manager', 10001);
INSERT INTO EMPLOYEE VALUES ('E0002', 'Stocker', 10001);
INSERT INTO EMPLOYEE VALUES ('E0003', 'Stocker', 10001);
INSERT INTO EMPLOYEE VALUES ('E0004', 'Sales Associate', 10001);
INSERT INTO EMPLOYEE VALUES ('E0005', 'Cart Attendant', 10001);
INSERT INTO EMPLOYEE VALUES ('E0006', 'Cart Attendant', 10001);
INSERT INTO EMPLOYEE VALUES ('E0007', 'Cashier', 10001);
INSERT INTO EMPLOYEE VALUES ('E0008', 'Cashier', 10001);
INSERT INTO EMPLOYEE VALUES ('E0009', 'Cashier', 10001);
INSERT INTO EMPLOYEE VALUES ('E0010', 'Cashier', 10001);
INSERT INTO EMPLOYEE VALUES ('E0011', 'Cashier', 10001);
INSERT INTO EMPLOYEE VALUES ('E0012', 'Cashier', 10001);
INSERT INTO EMPLOYEE VALUES ('E0013', 'Cashier', 10001);
INSERT INTO EMPLOYEE VALUES ('E0014', 'Cashier', 10001);
INSERT INTO EMPLOYEE VALUES ('E0015', 'Cashier', 10001);
INSERT INTO EMPLOYEE VALUES ('E0016', 'Cashier', 10001);
INSERT INTO EMPLOYEE VALUES ('E0017', 'Manager', 10002);
INSERT INTO EMPLOYEE VALUES ('E0018', 'Stocker', 10002);
INSERT INTO EMPLOYEE VALUES ('E0019', 'Stocker', 10002);
INSERT INTO EMPLOYEE VALUES ('E0020', 'Sales Associate', 10002);
INSERT INTO EMPLOYEE VALUES ('E0021', 'Cart Attendant', 10002);
INSERT INTO EMPLOYEE VALUES ('E0022', 'Cart Attendant', 10002);
INSERT INTO EMPLOYEE VALUES ('E0023', 'Cashier', 10002);
INSERT INTO EMPLOYEE VALUES ('E0024', 'Cashier', 10002);
INSERT INTO EMPLOYEE VALUES ('E0025', 'Cashier', 10002);
INSERT INTO EMPLOYEE VALUES ('E0026', 'Cashier', 10002);
INSERT INTO EMPLOYEE VALUES ('E0027', 'Cashier', 10002);
INSERT INTO EMPLOYEE VALUES ('E0028', 'Cashier', 10002);
INSERT INTO EMPLOYEE VALUES ('E0029', 'Cashier', 10002);
INSERT INTO EMPLOYEE VALUES ('E0030', 'Cashier', 10002);
INSERT INTO EMPLOYEE VALUES ('E0031', 'Cashier', 10002);
INSERT INTO EMPLOYEE VALUES ('E0032', 'Cashier', 10002);
INSERT INTO EMPLOYEE VALUES ('E0033', 'Cashier', 10002);
INSERT INTO EMPLOYEE VALUES ('E0034', 'Manager', 10003);
INSERT INTO EMPLOYEE VALUES ('E0035', 'Stocker', 10003);
INSERT INTO EMPLOYEE VALUES ('E0036', 'Stocker', 10003);
INSERT INTO EMPLOYEE VALUES ('E0037', 'Stocker', 10003);
INSERT INTO EMPLOYEE VALUES ('E0038', 'Stocker', 10003);
INSERT INTO EMPLOYEE VALUES ('E0039', 'Stocker', 10003);
INSERT INTO EMPLOYEE VALUES ('E0040', 'Sales Associate', 10003);
INSERT INTO EMPLOYEE VALUES ('E0041', 'Cart Attendant', 10003);
INSERT INTO EMPLOYEE VALUES ('E0042', 'Cart Attendant', 10003);
INSERT INTO EMPLOYEE VALUES ('E0043', 'Cashier', 10003);
INSERT INTO EMPLOYEE VALUES ('E0044', 'Cashier', 10003);
INSERT INTO EMPLOYEE VALUES ('E0045', 'Cashier', 10003);
INSERT INTO EMPLOYEE VALUES ('E0046', 'Cashier', 10003);
INSERT INTO EMPLOYEE VALUES ('E0047', 'Cashier', 10003);
INSERT INTO EMPLOYEE VALUES ('E0048', 'Cashier', 10003);
INSERT INTO EMPLOYEE VALUES ('E0049', 'Cashier', 10003);
INSERT INTO EMPLOYEE VALUES ('E0050', 'Cashier', 10003);
INSERT INTO EMPLOYEE VALUES ('E0051', 'Manager', 10004);
INSERT INTO EMPLOYEE VALUES ('E0052', 'Stocker', 10004);
INSERT INTO EMPLOYEE VALUES ('E0053', 'Stocker', 10004);
INSERT INTO EMPLOYEE VALUES ('E0054', 'Stocker', 10004);
INSERT INTO EMPLOYEE VALUES ('E0055', 'Sales Associate', 10004);
INSERT INTO EMPLOYEE VALUES ('E0056', 'Cart Attendant', 10004);
INSERT INTO EMPLOYEE VALUES ('E0057', 'Cart Attendant', 10004);
INSERT INTO EMPLOYEE VALUES ('E0058', 'Cart Attendant', 10004);
INSERT INTO EMPLOYEE VALUES ('E0059', 'Cashier', 10004);
INSERT INTO EMPLOYEE VALUES ('E0060', 'Cashier', 10004);
INSERT INTO EMPLOYEE VALUES ('E0061', 'Cashier', 10004);
INSERT INTO EMPLOYEE VALUES ('E0062', 'Cashier', 10004);
INSERT INTO EMPLOYEE VALUES ('E0063', 'Cashier', 10004);
INSERT INTO EMPLOYEE VALUES ('E0064', 'Cashier', 10004);
INSERT INTO EMPLOYEE VALUES ('E0065', 'Cashier', 10004);
INSERT INTO EMPLOYEE VALUES ('E0066', 'Cashier', 10004);
INSERT INTO EMPLOYEE VALUES ('E0067', 'Cashier', 10004);
INSERT INTO EMPLOYEE VALUES ('E0068', 'Manager', 10005);
INSERT INTO EMPLOYEE VALUES ('E0069', 'Stocker', 10005);
INSERT INTO EMPLOYEE VALUES ('E0070', 'Stocker', 10005);
INSERT INTO EMPLOYEE VALUES ('E0071', 'Stocker', 10005);
INSERT INTO EMPLOYEE VALUES ('E0072', 'Sales Associate', 10005);
INSERT INTO EMPLOYEE VALUES ('E0073', 'Cart Attendant', 10005);
INSERT INTO EMPLOYEE VALUES ('E0074', 'Cart Attendant', 10005);
INSERT INTO EMPLOYEE VALUES ('E0075', 'Cashier', 10005);
INSERT INTO EMPLOYEE VALUES ('E0076', 'Cashier', 10005);
INSERT INTO EMPLOYEE VALUES ('E0077', 'Cashier', 10005);
INSERT INTO EMPLOYEE VALUES ('E0078', 'Cashier', 10005);
INSERT INTO EMPLOYEE VALUES ('E0079', 'Cashier', 10005);
INSERT INTO EMPLOYEE VALUES ('E0080', 'Cashier', 10005);
INSERT INTO EMPLOYEE VALUES ('E0081', 'Cashier', 10005);
INSERT INTO EMPLOYEE VALUES ('E0082', 'Cashier', 10005);
INSERT INTO EMPLOYEE VALUES ('E0083', 'Cashier', 10005);
INSERT INTO EMPLOYEE VALUES ('E0084', 'Manager', 10006);
INSERT INTO EMPLOYEE VALUES ('E0085', 'Stocker', 10006);
INSERT INTO EMPLOYEE VALUES ('E0086', 'Stocker', 10006);
INSERT INTO EMPLOYEE VALUES ('E0087', 'Sales Associate', 10006);
INSERT INTO EMPLOYEE VALUES ('E0088', 'Cart Attendant', 10006);
INSERT INTO EMPLOYEE VALUES ('E0089', 'Cart Attendant', 10006);
INSERT INTO EMPLOYEE VALUES ('E0090', 'Cashier', 10006);
INSERT INTO EMPLOYEE VALUES ('E0091', 'Cashier', 10006);
INSERT INTO EMPLOYEE VALUES ('E0092', 'Cashier', 10006);
INSERT INTO EMPLOYEE VALUES ('E0093', 'Cashier', 10006);
INSERT INTO EMPLOYEE VALUES ('E0094', 'Cashier', 10006);
INSERT INTO EMPLOYEE VALUES ('E0095', 'Cashier', 10006);
INSERT INTO EMPLOYEE VALUES ('E0096', 'Cashier', 10006);
INSERT INTO EMPLOYEE VALUES ('E0097', 'Cashier', 10006);
INSERT INTO EMPLOYEE VALUES ('E0098', 'Cashier', 10006);
INSERT INTO EMPLOYEE VALUES ('E0099', 'Cashier', 10006);
INSERT INTO EMPLOYEE VALUES ('E0100', 'Cashier', 10006);

INSERT INTO STORE_HOURS VALUES ('M0001', 'Sunday', '6:00A.M.-11:00P.M.', '10:00A.M.-6:00P.M.', 10001);
INSERT INTO STORE_HOURS VALUES ('T0001', 'Monday', '6:00A.M.-11:00P.M.', '9:00A.M.-11:00P.M.', 10001);
INSERT INTO STORE_HOURS VALUES ('W0001', 'Tuesday', '6:00A.M.-11:00P.M.', '9:00A.M.-11:00P.M.', 10001);
INSERT INTO STORE_HOURS VALUES ('R0001', 'Wednesday', '6:00A.M.-11:00P.M.', '9:00A.M.-11:00P.M.', 10001);
INSERT INTO STORE_HOURS VALUES ('F0001', 'Thursday', '6:00A.M.-11:00P.M.', '9:00A.M.-11:00P.M.', 10001);
INSERT INTO STORE_HOURS VALUES ('S0001', 'Friday', '6:00A.M.-11:00P.M.', '9:00A.M.-11:00P.M.', 10001);
INSERT INTO STORE_HOURS VALUES ('U0001', 'Saturday', '6:00A.M.-11:00P.M.', '9:00A.M.-7:00P.M.', 10001);
INSERT INTO STORE_HOURS VALUES ('M0002', 'Sunday', '6:00A.M.-11:00P.M.', '10:00A.M.-6:00P.M.', 10002);
INSERT INTO STORE_HOURS VALUES ('T0002', 'Monday', '6:00A.M.-11:00P.M.', '9:00A.M.-11:00P.M.', 10002);
INSERT INTO STORE_HOURS VALUES ('W0002', 'Tuesday', '6:00A.M.-11:00P.M.', '9:00A.M.-11:00P.M.', 10002);
INSERT INTO STORE_HOURS VALUES ('R0002', 'Wednesday', '6:00A.M.-11:00P.M.', '9:00A.M.-11:00P.M.', 10002);
INSERT INTO STORE_HOURS VALUES ('F0002', 'Thursday', '6:00A.M.-11:00P.M.', '9:00A.M.-11:00P.M.', 10002);
INSERT INTO STORE_HOURS VALUES ('S0002', 'Friday', '6:00A.M.-11:00P.M.', '9:00A.M.-11:00P.M.', 10002);
INSERT INTO STORE_HOURS VALUES ('U0002', 'Saturday', '6:00A.M.-11:00P.M.', '9:00A.M.-7:00P.M.', 10002);
INSERT INTO STORE_HOURS VALUES ('M0003', 'Sunday', '6:00A.M.-11:00P.M.', '10:00A.M.-6:00P.M.', 10003);
INSERT INTO STORE_HOURS VALUES ('T0003', 'Monday', '6:00A.M.-11:00P.M.', '9:00A.M.-11:00P.M.', 10003);
INSERT INTO STORE_HOURS VALUES ('W0003', 'Tuesday', '6:00A.M.-11:00P.M.', '9:00A.M.-11:00P.M.', 10003);
INSERT INTO STORE_HOURS VALUES ('R0003', 'Wednesday', '6:00A.M.-11:00P.M.', '9:00A.M.-11:00P.M.', 10003);
INSERT INTO STORE_HOURS VALUES ('F0003', 'Thursday', '6:00A.M.-11:00P.M.', '9:00A.M.-11:00P.M.', 10003);
INSERT INTO STORE_HOURS VALUES ('S0003', 'Friday', '6:00A.M.-11:00P.M.', '9:00A.M.-11:00P.M.', 10003);
INSERT INTO STORE_HOURS VALUES ('U0003', 'Saturday', '6:00A.M.-11:00P.M.', '9:00A.M.-7:00P.M.', 10003);
INSERT INTO STORE_HOURS VALUES ('M0004', 'Sunday', '6:00A.M.-11:00P.M.', '10:00A.M.-6:00P.M.', 10004);
INSERT INTO STORE_HOURS VALUES ('T0004', 'Monday', '6:00A.M.-11:00P.M.', '9:00A.M.-11:00P.M.', 10004);
INSERT INTO STORE_HOURS VALUES ('W0004', 'Tuesday', '6:00A.M.-11:00P.M.', '9:00A.M.-11:00P.M.', 10004);
INSERT INTO STORE_HOURS VALUES ('R0004', 'Wednesday', '6:00A.M.-11:00P.M.', '9:00A.M.-11:00P.M.', 10004);
INSERT INTO STORE_HOURS VALUES ('F0004', 'Thursday', '6:00A.M.-11:00P.M.', '9:00A.M.-11:00P.M.', 10004);
INSERT INTO STORE_HOURS VALUES ('S0004', 'Friday', '6:00A.M.-11:00P.M.', '9:00A.M.-11:00P.M.', 10004);
INSERT INTO STORE_HOURS VALUES ('U0004', 'Saturday', '6:00A.M.-11:00P.M.', '9:00A.M.-7:00P.M.', 10004);
INSERT INTO STORE_HOURS VALUES ('M0005', 'Sunday', '6:00A.M.-11:00P.M.', '10:00A.M.-6:00P.M.', 10005);
INSERT INTO STORE_HOURS VALUES ('T0005', 'Monday', '6:00A.M.-11:00P.M.', '9:00A.M.-11:00P.M.', 10005);
INSERT INTO STORE_HOURS VALUES ('W0005', 'Tuesday', '6:00A.M.-11:00P.M.', '9:00A.M.-11:00P.M.', 10005);
INSERT INTO STORE_HOURS VALUES ('R0005', 'Wednesday', '6:00A.M.-11:00P.M.', '9:00A.M.-11:00P.M.', 10005);
INSERT INTO STORE_HOURS VALUES ('F0005', 'Thursday', '6:00A.M.-11:00P.M.', '9:00A.M.-11:00P.M.', 10005);
INSERT INTO STORE_HOURS VALUES ('S0005', 'Friday', '6:00A.M.-11:00P.M.', '9:00A.M.-11:00P.M.', 10005);
INSERT INTO STORE_HOURS VALUES ('U0005', 'Saturday', '6:00A.M.-11:00P.M.', '9:00A.M.-7:00P.M.', 10005);
INSERT INTO STORE_HOURS VALUES ('M0006', 'Sunday', '6:00A.M.-11:00P.M.', '10:00A.M.-6:00P.M.', 10006);
INSERT INTO STORE_HOURS VALUES ('T0006', 'Monday', '6:00A.M.-11:00P.M.', '9:00A.M.-11:00P.M.', 10006);
INSERT INTO STORE_HOURS VALUES ('W0006', 'Tuesday', '6:00A.M.-11:00P.M.', '9:00A.M.-11:00P.M.', 10006);
INSERT INTO STORE_HOURS VALUES ('R0006', 'Wednesday', '6:00A.M.-11:00P.M.', '9:00A.M.-11:00P.M.', 10006);
INSERT INTO STORE_HOURS VALUES ('F0006', 'Thursday', '6:00A.M.-11:00P.M.', '9:00A.M.-11:00P.M.', 10006);
INSERT INTO STORE_HOURS VALUES ('S0006', 'Friday', '6:00A.M.-11:00P.M.', '9:00A.M.-11:00P.M.', 10006);
INSERT INTO STORE_HOURS VALUES ('U0006', 'Saturday', '6:00A.M.-11:00P.M.', '9:00A.M.-7:00P.M.', 10006);
INSERT INTO STORE_HOURS VALUES ('M0007', 'Sunday', '6:00A.M.-11:00P.M.', '10:00A.M.-6:00P.M.', 10007);
INSERT INTO STORE_HOURS VALUES ('T0007', 'Monday', '6:00A.M.-11:00P.M.', '9:00A.M.-11:00P.M.', 10007);
INSERT INTO STORE_HOURS VALUES ('W0007', 'Tuesday', '6:00A.M.-11:00P.M.', '9:00A.M.-11:00P.M.', 10007);
INSERT INTO STORE_HOURS VALUES ('R0007', 'Wednesday', '6:00A.M.-11:00P.M.', '9:00A.M.-11:00P.M.', 10007);
INSERT INTO STORE_HOURS VALUES ('F0007', 'Thursday', '6:00A.M.-11:00P.M.', '9:00A.M.-11:00P.M.', 10007);
INSERT INTO STORE_HOURS VALUES ('S0007', 'Friday', '6:00A.M.-11:00P.M.', '9:00A.M.-11:00P.M.', 10007);
INSERT INTO STORE_HOURS VALUES ('U0007', 'Saturday', '6:00A.M.-11:00P.M.', '9:00A.M.-7:00P.M.', 10007);
INSERT INTO STORE_HOURS VALUES ('M0008', 'Sunday', '6:00A.M.-11:00P.M.', '10:00A.M.-6:00P.M.', 10008);
INSERT INTO STORE_HOURS VALUES ('T0008', 'Monday', '6:00A.M.-11:00P.M.', '9:00A.M.-11:00P.M.', 10008);
INSERT INTO STORE_HOURS VALUES ('W0008', 'Tuesday', '6:00A.M.-11:00P.M.', '9:00A.M.-11:00P.M.', 10008);
INSERT INTO STORE_HOURS VALUES ('R0008', 'Wednesday', '6:00A.M.-11:00P.M.', '9:00A.M.-11:00P.M.', 10008);
INSERT INTO STORE_HOURS VALUES ('F0008', 'Thursday', '6:00A.M.-11:00P.M.', '9:00A.M.-11:00P.M.', 10008);
INSERT INTO STORE_HOURS VALUES ('S0008', 'Friday', '6:00A.M.-11:00P.M.', '9:00A.M.-11:00P.M.', 10008);
INSERT INTO STORE_HOURS VALUES ('U0008', 'Saturday', '6:00A.M.-11:00P.M.', '9:00A.M.-7:00P.M.', 10008);
INSERT INTO STORE_HOURS VALUES ('M0009', 'Sunday', '6:00A.M.-11:00P.M.', '10:00A.M.-6:00P.M.', 10009);
INSERT INTO STORE_HOURS VALUES ('T0009', 'Monday', '6:00A.M.-11:00P.M.', '9:00A.M.-11:00P.M.', 10009);
INSERT INTO STORE_HOURS VALUES ('W0009', 'Tuesday', '6:00A.M.-11:00P.M.', '9:00A.M.-11:00P.M.', 10009);
INSERT INTO STORE_HOURS VALUES ('R0009', 'Wednesday', '6:00A.M.-11:00P.M.', '9:00A.M.-11:00P.M.', 10009);
INSERT INTO STORE_HOURS VALUES ('F0009', 'Thursday', '6:00A.M.-11:00P.M.', '9:00A.M.-11:00P.M.', 10009);
INSERT INTO STORE_HOURS VALUES ('S0009', 'Friday', '6:00A.M.-11:00P.M.', '9:00A.M.-11:00P.M.', 10009);
INSERT INTO STORE_HOURS VALUES ('U0009', 'Saturday', '6:00A.M.-11:00P.M.', '9:00A.M.-7:00P.M.', 10009);
INSERT INTO STORE_HOURS VALUES ('M0010', 'Sunday', '6:00A.M.-11:00P.M.', '10:00A.M.-6:00P.M.', 10010);
INSERT INTO STORE_HOURS VALUES ('T0010', 'Monday', '6:00A.M.-11:00P.M.', '9:00A.M.-11:00P.M.', 10010);
INSERT INTO STORE_HOURS VALUES ('W0010', 'Tuesday', '6:00A.M.-11:00P.M.', '9:00A.M.-11:00P.M.', 10010);
INSERT INTO STORE_HOURS VALUES ('R0010', 'Wednesday', '6:00A.M.-11:00P.M.', '9:00A.M.-11:00P.M.', 10010);
INSERT INTO STORE_HOURS VALUES ('F0010', 'Thursday', '6:00A.M.-11:00P.M.', '9:00A.M.-11:00P.M.', 10010);
INSERT INTO STORE_HOURS VALUES ('S0010', 'Friday', '6:00A.M.-11:00P.M.', '9:00A.M.-11:00P.M.', 10010);
INSERT INTO STORE_HOURS VALUES ('U0010', 'Saturday', '6:00A.M.-11:00P.M.', '9:00A.M.-7:00P.M.', 10010);
INSERT INTO STORE_HOURS VALUES ('M0011', 'Sunday', '6:00A.M.-11:00P.M.', '10:00A.M.-6:00P.M.', 10011);
INSERT INTO STORE_HOURS VALUES ('T0011', 'Monday', '6:00A.M.-11:00P.M.', '9:00A.M.-11:00P.M.', 10011);
INSERT INTO STORE_HOURS VALUES ('W0011', 'Tuesday', '6:00A.M.-11:00P.M.', '9:00A.M.-11:00P.M.', 10011);
INSERT INTO STORE_HOURS VALUES ('R0011', 'Wednesday', '6:00A.M.-11:00P.M.', '9:00A.M.-11:00P.M.', 10011);
INSERT INTO STORE_HOURS VALUES ('F0011', 'Thursday', '6:00A.M.-11:00P.M.', '9:00A.M.-11:00P.M.', 10011);
INSERT INTO STORE_HOURS VALUES ('S0011', 'Friday', '6:00A.M.-11:00P.M.', '9:00A.M.-11:00P.M.', 10011);
INSERT INTO STORE_HOURS VALUES ('U0011', 'Saturday', '6:00A.M.-11:00P.M.', '9:00A.M.-7:00P.M.', 10011);
INSERT INTO STORE_HOURS VALUES ('M0012', 'Sunday', '6:00A.M.-11:00P.M.', '10:00A.M.-6:00P.M.', 10012);
INSERT INTO STORE_HOURS VALUES ('T0012', 'Monday', '6:00A.M.-11:00P.M.', '9:00A.M.-11:00P.M.', 10012);
INSERT INTO STORE_HOURS VALUES ('W0012', 'Tuesday', '6:00A.M.-11:00P.M.', '9:00A.M.-11:00P.M.', 10012);
INSERT INTO STORE_HOURS VALUES ('R0012', 'Wednesday', '6:00A.M.-11:00P.M.', '9:00A.M.-11:00P.M.', 10012);
INSERT INTO STORE_HOURS VALUES ('F0012', 'Thursday', '6:00A.M.-11:00P.M.', '9:00A.M.-11:00P.M.', 10012);
INSERT INTO STORE_HOURS VALUES ('S0012', 'Friday', '6:00A.M.-11:00P.M.', '9:00A.M.-11:00P.M.', 10012);
INSERT INTO STORE_HOURS VALUES ('U0012', 'Saturday', '6:00A.M.-11:00P.M.', '9:00A.M.-7:00P.M.', 10012);
INSERT INTO STORE_HOURS VALUES ('M0013', 'Sunday', '6:00A.M.-11:00P.M.', '10:00A.M.-6:00P.M.', 10013);
INSERT INTO STORE_HOURS VALUES ('T0013', 'Monday', '6:00A.M.-11:00P.M.', '9:00A.M.-11:00P.M.', 10013);
INSERT INTO STORE_HOURS VALUES ('W0013', 'Tuesday', '6:00A.M.-11:00P.M.', '9:00A.M.-11:00P.M.', 10013);
INSERT INTO STORE_HOURS VALUES ('R0013', 'Wednesday', '6:00A.M.-11:00P.M.', '9:00A.M.-11:00P.M.', 10013);
INSERT INTO STORE_HOURS VALUES ('F0013', 'Thursday', '6:00A.M.-11:00P.M.', '9:00A.M.-11:00P.M.', 10013);
INSERT INTO STORE_HOURS VALUES ('S0013', 'Friday', '6:00A.M.-11:00P.M.', '9:00A.M.-11:00P.M.', 10013);
INSERT INTO STORE_HOURS VALUES ('U0013', 'Saturday', '6:00A.M.-11:00P.M.', '9:00A.M.-7:00P.M.', 10013);
INSERT INTO STORE_HOURS VALUES ('M0014', 'Sunday', '6:00A.M.-11:00P.M.', '10:00A.M.-6:00P.M.', 10014);
INSERT INTO STORE_HOURS VALUES ('T0014', 'Monday', '6:00A.M.-11:00P.M.', '9:00A.M.-11:00P.M.', 10014);
INSERT INTO STORE_HOURS VALUES ('W0014', 'Tuesday', '6:00A.M.-11:00P.M.', '9:00A.M.-11:00P.M.', 10014);
INSERT INTO STORE_HOURS VALUES ('R0014', 'Wednesday', '6:00A.M.-11:00P.M.', '9:00A.M.-11:00P.M.', 10014);
INSERT INTO STORE_HOURS VALUES ('F0014', 'Thursday', '6:00A.M.-11:00P.M.', '9:00A.M.-11:00P.M.', 10014);
INSERT INTO STORE_HOURS VALUES ('S0014', 'Friday', '6:00A.M.-11:00P.M.', '9:00A.M.-11:00P.M.', 10014);
INSERT INTO STORE_HOURS VALUES ('U0014', 'Saturday', '6:00A.M.-11:00P.M.', '9:00A.M.-7:00P.M.', 10014);
INSERT INTO STORE_HOURS VALUES ('M0015', 'Sunday', '6:00A.M.-11:00P.M.', '10:00A.M.-6:00P.M.', 10015);
INSERT INTO STORE_HOURS VALUES ('T0015', 'Monday', '6:00A.M.-11:00P.M.', '9:00A.M.-11:00P.M.', 10015);
INSERT INTO STORE_HOURS VALUES ('W0015', 'Tuesday', '6:00A.M.-11:00P.M.', '9:00A.M.-11:00P.M.', 10015);
INSERT INTO STORE_HOURS VALUES ('R0015', 'Wednesday', '6:00A.M.-11:00P.M.', '9:00A.M.-11:00P.M.', 10015);
INSERT INTO STORE_HOURS VALUES ('F0015', 'Thursday', '6:00A.M.-11:00P.M.', '9:00A.M.-11:00P.M.', 10015);
INSERT INTO STORE_HOURS VALUES ('S0015', 'Friday', '6:00A.M.-11:00P.M.', '9:00A.M.-11:00P.M.', 10015);
INSERT INTO STORE_HOURS VALUES ('U0015', 'Saturday', '6:00A.M.-11:00P.M.', '9:00A.M.-7:00P.M.', 10015);

INSERT INTO STORE_DATE VALUES (DATE '2025-03-02', 'Sunday', '6:00A.M.-11:00P.M.', NULL, NULL, 383);
INSERT INTO STORE_DATE VALUES (DATE '2025-03-03', 'Monday', '6:00A.M.-11:00P.M.', NULL, NULL, 367);
INSERT INTO STORE_DATE VALUES (DATE '2025-03-04', 'Tuesday', '6:00A.M.-11:00P.M.', NULL, NULL, 382);
INSERT INTO STORE_DATE VALUES (DATE '2025-03-05', 'Wednesday', '6:00A.M.-11:00P.M.', NULL, NULL, 378);
INSERT INTO STORE_DATE VALUES (DATE '2025-03-06', 'Thursday', '6:00A.M.-11:00P.M.', NULL, NULL, 381);
INSERT INTO STORE_DATE VALUES (DATE '2025-03-07', 'Friday', '6:00A.M.-11:00P.M.', NULL, NULL, 377);
INSERT INTO STORE_DATE VALUES (DATE '2025-03-08', 'Saturday', '6:00A.M.-11:00P.M.', NULL, NULL, 365);
INSERT INTO STORE_DATE VALUES (DATE '2025-03-09', 'Sunday', '6:00A.M.-11:00P.M.', NULL, NULL, 371);
INSERT INTO STORE_DATE VALUES (DATE '2025-03-10', 'Monday', '6:00A.M.-11:00P.M.', NULL, NULL, 374);
INSERT INTO STORE_DATE VALUES (DATE '2025-03-11', 'Tuesday', '6:00A.M.-11:00P.M.', NULL, NULL, 363);
INSERT INTO STORE_DATE VALUES (DATE '2025-03-12', 'Wednesday', '6:00A.M.-11:00P.M.', NULL, NULL, 371);
INSERT INTO STORE_DATE VALUES (DATE '2025-03-13', 'Thursday', '6:00A.M.-11:00P.M.', NULL, NULL, 383);
INSERT INTO STORE_DATE VALUES (DATE '2025-03-14', 'Friday', '6:00A.M.-11:00P.M.', NULL, NULL, 374);
INSERT INTO STORE_DATE VALUES (DATE '2025-03-15', 'Saturday', '6:00A.M.-11:00P.M.', NULL, NULL, 382);
INSERT INTO STORE_DATE VALUES (DATE '2025-03-16', 'Sunday', '6:00A.M.-11:00P.M.', NULL, NULL, 376);
INSERT INTO STORE_DATE VALUES (DATE '2025-03-17', 'Monday', '6:00A.M.-11:00P.M.', NULL, NULL, 379);
INSERT INTO STORE_DATE VALUES (DATE '2025-03-18', 'Tuesday', '6:00A.M.-11:00P.M.', NULL, NULL, 368);
INSERT INTO STORE_DATE VALUES (DATE '2025-03-19', 'Wednesday', '6:00A.M.-11:00P.M.', NULL, NULL, 383);
INSERT INTO STORE_DATE VALUES (DATE '2025-03-20', 'Thursday', '6:00A.M.-11:00P.M.', NULL, NULL, 373);
INSERT INTO STORE_DATE VALUES (DATE '2025-03-21', 'Friday', '6:00A.M.-11:00P.M.', NULL, NULL, 380);
INSERT INTO STORE_DATE VALUES (DATE '2025-03-22', 'Saturday', '6:00A.M.-11:00P.M.', NULL, NULL, 374);
INSERT INTO STORE_DATE VALUES (DATE '2025-03-23', 'Sunday', '6:00A.M.-11:00P.M.', NULL, NULL, 382);
INSERT INTO STORE_DATE VALUES (DATE '2025-03-24', 'Monday', '6:00A.M.-11:00P.M.', NULL, NULL, 375);
INSERT INTO STORE_DATE VALUES (DATE '2025-03-25', 'Tuesday', '6:00A.M.-11:00P.M.', NULL, NULL, 369);
INSERT INTO STORE_DATE VALUES (DATE '2025-03-26', 'Wednesday', '6:00A.M.-11:00P.M.', NULL, NULL, 380);
INSERT INTO STORE_DATE VALUES (DATE '2025-03-27', 'Thursday', '6:00A.M.-11:00P.M.', NULL, NULL, 368);
INSERT INTO STORE_DATE VALUES (DATE '2025-03-28', 'Friday', '6:00A.M.-11:00P.M.', NULL, NULL, 372);
INSERT INTO STORE_DATE VALUES (DATE '2025-03-29', 'Saturday', '6:00A.M.-11:00P.M.', NULL, NULL, 381);
INSERT INTO STORE_DATE VALUES (DATE '2025-03-30', 'Sunday', '6:00A.M.-11:00P.M.', NULL, NULL, 377);
INSERT INTO STORE_DATE VALUES (DATE '2025-03-31', 'Monday', '6:00A.M.-11:00P.M.', NULL, NULL, 386);
INSERT INTO STORE_DATE VALUES (DATE '2025-04-01', 'Tuesday', '6:00A.M.-11:00P.M.', NULL, NULL, 373);
INSERT INTO STORE_DATE VALUES (DATE '2025-04-02', 'Wednesday', '6:00A.M.-11:00P.M.', NULL, NULL, 362);
INSERT INTO STORE_DATE VALUES (DATE '2025-04-03', 'Thursday', '6:00A.M.-11:00P.M.', NULL, NULL, 379);
INSERT INTO STORE_DATE VALUES (DATE '2025-04-04', 'Friday', '6:00A.M.-11:00P.M.', NULL, NULL, 387);
INSERT INTO STORE_DATE VALUES (DATE '2025-04-05', 'Saturday', '6:00A.M.-11:00P.M.', NULL, NULL, 383);
INSERT INTO STORE_DATE VALUES (DATE '2025-04-06', 'Sunday', '6:00A.M.-11:00P.M.', NULL, NULL, 368);
INSERT INTO STORE_DATE VALUES (DATE '2025-04-07', 'Monday', '6:00A.M.-11:00P.M.', NULL, NULL, 387);
INSERT INTO STORE_DATE VALUES (DATE '2025-04-08', 'Tuesday', '6:00A.M.-11:00P.M.', NULL, NULL, 377);
INSERT INTO STORE_DATE VALUES (DATE '2025-04-09', 'Wednesday', '6:00A.M.-11:00P.M.', NULL, NULL, 368);
INSERT INTO STORE_DATE VALUES (DATE '2025-04-10', 'Thursday', '6:00A.M.-11:00P.M.', NULL, NULL, 369);
INSERT INTO STORE_DATE VALUES (DATE '2025-04-11', 'Friday', '6:00A.M.-11:00P.M.', NULL, NULL, 363);
INSERT INTO STORE_DATE VALUES (DATE '2025-04-12', 'Saturday', '6:00A.M.-11:00P.M.', NULL, NULL, 364);
INSERT INTO STORE_DATE VALUES (DATE '2025-04-13', 'Sunday', '6:00A.M.-11:00P.M.', NULL, NULL, 380);
INSERT INTO STORE_DATE VALUES (DATE '2025-04-14', 'Monday', '6:00A.M.-11:00P.M.', NULL, NULL, 364);
INSERT INTO STORE_DATE VALUES (DATE '2025-04-15', 'Tuesday', '6:00A.M.-11:00P.M.', NULL, NULL, 366);
INSERT INTO STORE_DATE VALUES (DATE '2025-04-16', 'Wednesday', '6:00A.M.-11:00P.M.', NULL, NULL, 374);
INSERT INTO STORE_DATE VALUES (DATE '2025-04-17', 'Thursday', '6:00A.M.-11:00P.M.', NULL, NULL, 379);
INSERT INTO STORE_DATE VALUES (DATE '2025-04-18', 'Friday', '6:00A.M.-11:00P.M.', NULL, NULL, 369);
INSERT INTO STORE_DATE VALUES (DATE '2025-04-19', 'Saturday', '6:00A.M.-11:00P.M.', NULL, NULL, 389);
INSERT INTO STORE_DATE VALUES (DATE '2025-04-20', 'Sunday', '9:00A.M.-8:00P.M.', NULL, 'Easter Sunday', 371);
INSERT INTO STORE_DATE VALUES (DATE '2025-04-21', 'Monday', '6:00A.M.-11:00P.M.', NULL, NULL, 388);
INSERT INTO STORE_DATE VALUES (DATE '2025-04-22', 'Tuesday', '6:00A.M.-11:00P.M.', NULL, NULL, 383);
INSERT INTO STORE_DATE VALUES (DATE '2025-04-23', 'Wednesday', '6:00A.M.-11:00P.M.', NULL, NULL, 381);
INSERT INTO STORE_DATE VALUES (DATE '2025-04-24', 'Thursday', '6:00A.M.-11:00P.M.', NULL, NULL, 370);
INSERT INTO STORE_DATE VALUES (DATE '2025-04-25', 'Friday', '6:00A.M.-11:00P.M.', NULL, NULL, 366);
INSERT INTO STORE_DATE VALUES (DATE '2025-04-26', 'Saturday', '6:00A.M.-11:00P.M.', NULL, NULL, 383);
INSERT INTO STORE_DATE VALUES (DATE '2025-04-27', 'Sunday', '6:00A.M.-11:00P.M.', NULL, NULL, 390);
INSERT INTO STORE_DATE VALUES (DATE '2025-04-28', 'Monday', '6:00A.M.-11:00P.M.', NULL, NULL, 382);
INSERT INTO STORE_DATE VALUES (DATE '2025-04-29', 'Tuesday', '6:00A.M.-11:00P.M.', NULL, NULL, 376);
INSERT INTO STORE_DATE VALUES (DATE '2025-04-30', 'Wednesday', '6:00A.M.-11:00P.M.', NULL, NULL, 387);
INSERT INTO STORE_DATE VALUES (DATE '2025-05-01', 'Thursday', '6:00A.M.-11:00P.M.', NULL, NULL, 362);
INSERT INTO STORE_DATE VALUES (DATE '2025-05-02', 'Friday', '6:00A.M.-11:00P.M.', NULL, NULL, 369);
INSERT INTO STORE_DATE VALUES (DATE '2025-05-03', 'Saturday', '6:00A.M.-11:00P.M.', NULL, NULL, 381);
INSERT INTO STORE_DATE VALUES (DATE '2025-05-04', 'Sunday', '6:00A.M.-11:00P.M.', NULL, NULL, 373);
INSERT INTO STORE_DATE VALUES (DATE '2025-05-05', 'Monday', '6:00A.M.-11:00P.M.', NULL, NULL, 382);
INSERT INTO STORE_DATE VALUES (DATE '2025-05-06', 'Tuesday', '6:00A.M.-11:00P.M.', NULL, NULL, 384);
INSERT INTO STORE_DATE VALUES (DATE '2025-05-07', 'Wednesday', '6:00A.M.-11:00P.M.', NULL, NULL, 383);
INSERT INTO STORE_DATE VALUES (DATE '2025-05-08', 'Thursday', '6:00A.M.-11:00P.M.', NULL, NULL, 384);
INSERT INTO STORE_DATE VALUES (DATE '2025-05-09', 'Friday', '6:00A.M.-11:00P.M.', NULL, NULL, 376);
INSERT INTO STORE_DATE VALUES (DATE '2025-05-10', 'Saturday', '6:00A.M.-11:00P.M.', NULL, NULL, 380);
INSERT INTO STORE_DATE VALUES (DATE '2025-05-11', 'Sunday', '6:00A.M.-11:00P.M.', NULL, 'Mother''s Day', 377);
INSERT INTO STORE_DATE VALUES (DATE '2025-05-12', 'Monday', '6:00A.M.-11:00P.M.', NULL, NULL, 390);
INSERT INTO STORE_DATE VALUES (DATE '2025-05-13', 'Tuesday', '6:00A.M.-11:00P.M.', NULL, NULL, 386);
INSERT INTO STORE_DATE VALUES (DATE '2025-05-14', 'Wednesday', '6:00A.M.-11:00P.M.', NULL, NULL, 382);
INSERT INTO STORE_DATE VALUES (DATE '2025-05-15', 'Thursday', '6:00A.M.-11:00P.M.', NULL, NULL, 379);
INSERT INTO STORE_DATE VALUES (DATE '2025-05-16', 'Friday', '6:00A.M.-11:00P.M.', NULL, NULL, 371);
INSERT INTO STORE_DATE VALUES (DATE '2025-05-17', 'Saturday', '6:00A.M.-11:00P.M.', NULL, NULL, 363);
INSERT INTO STORE_DATE VALUES (DATE '2025-05-18', 'Sunday', '6:00A.M.-11:00P.M.', NULL, NULL, 390);
INSERT INTO STORE_DATE VALUES (DATE '2025-05-19', 'Monday', '6:00A.M.-11:00P.M.', NULL, NULL, 372);
INSERT INTO STORE_DATE VALUES (DATE '2025-05-20', 'Tuesday', '6:00A.M.-11:00P.M.', NULL, NULL, 365);
INSERT INTO STORE_DATE VALUES (DATE '2025-05-21', 'Wednesday', '6:00A.M.-11:00P.M.', NULL, NULL, 376);
INSERT INTO STORE_DATE VALUES (DATE '2025-05-22', 'Thursday', '6:00A.M.-11:00P.M.', NULL, NULL, 377);
INSERT INTO STORE_DATE VALUES (DATE '2025-05-23', 'Friday', '6:00A.M.-11:00P.M.', NULL, NULL, 382);
INSERT INTO STORE_DATE VALUES (DATE '2025-05-24', 'Saturday', '6:00A.M.-11:00P.M.', NULL, NULL, 372);
INSERT INTO STORE_DATE VALUES (DATE '2025-05-25', 'Sunday', '6:00A.M.-11:00P.M.', NULL, NULL, 373);
INSERT INTO STORE_DATE VALUES (DATE '2025-05-26', 'Monday', '6:00A.M.-11:00P.M.', NULL, 'Memorial Day', 375);
INSERT INTO STORE_DATE VALUES (DATE '2025-05-27', 'Tuesday', '6:00A.M.-11:00P.M.', NULL, NULL, 371);
INSERT INTO STORE_DATE VALUES (DATE '2025-05-28', 'Wednesday', '6:00A.M.-11:00P.M.', NULL, NULL, 367);
INSERT INTO STORE_DATE VALUES (DATE '2025-05-29', 'Thursday', '6:00A.M.-11:00P.M.', NULL, NULL, 371);
INSERT INTO STORE_DATE VALUES (DATE '2025-05-30', 'Friday', '6:00A.M.-11:00P.M.', NULL, NULL, 362);
INSERT INTO STORE_DATE VALUES (DATE '2025-05-31', 'Saturday', '6:00A.M.-11:00P.M.', NULL, NULL, 364);
INSERT INTO STORE_DATE VALUES (DATE '2025-06-01', 'Sunday', '6:00A.M.-11:00P.M.', NULL, NULL, 373);
INSERT INTO STORE_DATE VALUES (DATE '2025-06-02', 'Monday', '6:00A.M.-11:00P.M.', NULL, NULL, 385);
INSERT INTO STORE_DATE VALUES (DATE '2025-06-03', 'Tuesday', '6:00A.M.-11:00P.M.', NULL, NULL, 379);
INSERT INTO STORE_DATE VALUES (DATE '2025-06-04', 'Wednesday', '6:00A.M.-11:00P.M.', NULL, NULL, 370);
INSERT INTO STORE_DATE VALUES (DATE '2025-06-05', 'Thursday', '6:00A.M.-11:00P.M.', NULL, NULL, 372);
INSERT INTO STORE_DATE VALUES (DATE '2025-06-06', 'Friday', '6:00A.M.-11:00P.M.', NULL, NULL, 378);
INSERT INTO STORE_DATE VALUES (DATE '2025-06-07', 'Saturday', '6:00A.M.-11:00P.M.', NULL, NULL, 385);
INSERT INTO STORE_DATE VALUES (DATE '2025-06-08', 'Sunday', '6:00A.M.-11:00P.M.', NULL, NULL, 388);
INSERT INTO STORE_DATE VALUES (DATE '2025-06-09', 'Monday', '6:00A.M.-11:00P.M.', NULL, NULL, 369);

COMMIT;
